前端,5046
开发,4291
前端开发,3455
熟悉,3244
经验,3109
Web,2748
技术,2505
工作,2048
能力,1873
框架,1812
产品,1647
负责,1623
优先,1583
使用,1557
项目,1525
优化,1473
职能,1456
类别,1453
设计,1438
相关,1357
良好,1340
熟练,1333
页面,1295
要求,1258
代码,1110
完成,1105
精通,1066
团队,1041
了解,992
实现,946
浏览器,842
沟通,841
交互,828
性能,826
熟练掌握,823
具有,819
任职,806
需求,765
体验,748
进行,723
公司,714
工程师,707
能够,706
以上学历,702
工具,697
用户,675
具备,666
组件,654
移动,644
参与,641
岗位职责,613
应用,608
专业,602
编写,577
学习,576
系统,548
后端,543
独立,538
理解,529
掌握,512
一定,501
业务,493
根据,490
各种,483
功能,482
至少,480
主流,478
以及,476
配合,476
维护,468
本科,457
解决,456
标准,455
较强,451
软件,451
合作,447
程序,446
如,442
JS,441
分析,435
规范,435
一种,414
后台,413
兼容性,401
持续,401
架构,398
协作,395
数据,391
构建,382
布局,378
问题,378
界面,367
精神,362
文档,350
基础,344
研发,342
责任心,329
调试,329
平台,327
岗位,320
计算机相关,306
计算机,301
网站,293
常用,293
提升,277
实际,274
语言,274
可,269
前后,268
原理,268
WEB,262
编程,257
程序开发,252
流程,247
深入,244
编码,239
解决问题,236
模块化,232
善于,230
包括,229
效果,226
扎实,225
运用,222
制作,221
快速,220
模块,217
职位,214
工程化,214
意识,212
网页,212
库,211
资格,210
习惯,209
任务,208
研究,206
分离,205
兼容,202
接口,201
开发人员,201
测试,200
知识,200
逻辑,200
设计师,195
方案,191
强烈,190
优秀,176
兼容性问题,170
考虑,170
跨,169
化,169
提供,168
协议,165
改进,164
其他,164
互联网,164
质量,163
职责,159
效率,157
常见,156
响应,155
式,152
可视化,151
原生,150
确保,150
搭建,148
管理,148
处理,148
高质量,146
高效,146
实践经验,145
模式,141
基于,140
服务,138
深刻理解,137
大专,137
核心,136
开发技术,132
解决方案,132
迭代,129
保证,129
特性,128
提高,128
压力,127
经理,126
语义,126
发展,125
软件开发,123
方面,122
风格,121
描述,121
结构,121
热爱,119
公众,119
对接,118
丰富,118
或者,117
技能,116
高,113
不,113
操作,112
不同,112
适配,112
福利,112
版本,110
其,110
10,110
封装,110
符合,110
基本,109
利用,109
执行,109
表现,109
制定,108
端的,108
全日制,107
自动化,106
统招,106
原型,106
自己,105
三年,105
思想,105
语法,105
大型,104
多,104
整体,103
可以,103
较好,103
易用性,102
过程,100
加,98
关注,98
一起,98
承受,98
架构设计,97
手机,97
性,95
APP,95
终端,95
行业,95
我们,95
人员,93
积极主动,92
管理工具,90
思维,90
协助,90
开源,90
思路清晰,90
表达能力,89
其中,89
响应速度,88
多种,88
建设,87
前沿技术,86
客户,86
样式,86
现有,85
积极,85
各类,85
复杂,84
改善,84
产品设计,84
兼容问题,84
复用,83
抗压,83
专业本科,83
视觉,82
基础知识,82
提出,82
环境,81
栈,81
重构,81
承担,80
通过,80
清晰,80
逻辑思维,79
合理,79
紧密配合,79
专科,78
有效,78
分项,77
完善,77
插件,77
数据库,77
部署,77
员工,76
不断,76
展示,76
动态,75
一个,75
好,74
到,74
创新,73
是,73
机制,73
需要,73
协调,72
类库,72
调研,72
产品开发,72
会,72
讨论,72
限于,72
可维护性,71
打包,71
活动,70
数据结构,70
按照,70
软件工程,69
设备,69
领域,68
脚本,68
实践,67
还原,67
技术开发,67
以,67
给出,67
表达,67
安全,66
拥有,66
企业,66
类,66
面向对象编程,66
下,66
安排,66
面向对象,65
方法,65
体系,64
培训,64
学历,64
交付,63
服务端,63
上线,63
认识,62
开发工具,62
设计图,62
自我,62
乐于,61
算法,61
高度,61
全家,61
一门,61
访问,60
单元测试,60
主要,60
大学本科,60
保持良好,60
开发者,60
实施,60
完整,59
方式,59
注重,59
相应,58
ES5,58
化等,58
设计模式,58
热情,58
之间,58
适应,57
客户端,57
主动,57
理解能力,57
模型,57
具体,57
通信,56
信息,56
五险,55
进取心,55
混合,55
整合,55
两年,55
展现,54
一金,54
ajax,54
内容,54
高级,54
编译,54
兴趣,53
规划,53
调优,53
追求,53
高性能,53
但,53
接受,53
修改,53
稿,52
作品,52
跨平台,52
Python,52
less,52
工程,52
双休,52
部门,52
vuex,52
责任感,51
Html5,51
选型,51
钻研,51
领导,51
按时,51
npm,51
保持,51
节假日,51
通用,51
协同,51
研讨,51
后,50
地图,50
grunt,50
您,50
带薪,50
sass,50
团队精神,50
层,50
进度,50
流行,49
个,49
渲染,49
集成,49
可用性,49
时间,49
于,49
执行力,48
定位,48
人,48
动画,48
用户界面,48
一年,47
严谨,47
例如,47
11,46
个人,46
假,46
推动,46
Nodejs,46
App,46
发布,46
遇到,46
功能设计,45
大型项目,45
Chrome,45
探索,45
毕业,45
驱动,45
电商,45
云,45
最新,45
有过,44
学信,44
网可查,44
内部,44
建议,44
求知欲,44
‐,44
Echarts,44
补贴,44
WebGL,44
满足,44
挑战,44
h5,44
运营,43
经历,43
从,43
NodeJS,43
网络,43
SVN,43
HTML5H5,43
控件,43
所,43
方向,43
？,43
薪资,43
修复,42
Sass,42
功能模块,42
及其,42
差异,42
需,42
axios,42
撰写,41
Canvas,41
之一,41
节日,41
推进,41
uni,41
认真,41
版本控制,41
部分,41
地,41
并且,41
交流,40
生态,40
日常,40
svn,40
图表,40
背景,40
切图,40
升级,39
旅游,39
法定,39
格式,39
功底,39
二,39
成员,39
组织,39
更佳,39
特效,39
Android,39
充分,39
管理系统,39
难点,38
优质,38
bug,38
针对,38
公共,38
指导,38
大数据,38
成长,38
联调,38
态度,38
项目管理,37
攻关,37
链,37
总结,37
从事,37
喜欢,37
Less,37
发现,37
本科学历,37
周末,37
http,37
技巧,36
很,36
手写,36
支持,36
评估,36
加载,36
踏实,36
金融,36
深刻,36
canvas,36
场景,35
条件,35
最优,35
简单,35
乐观,35
typescript,35
评审,35
联网,35
跟踪,34
紧密,34
各项,34
前台,34
GIS,34
自主,34
同时,34
福利待遇,34
做,34
Linux,34
用,34
业界,34
按,34
配置,34
结合,34
友好,33
静态,33
自学能力,33
加班,33
Design,33
博客,33
技术支持,32
把,32
及时,32
D3,32
英语,32
详细,32
地点,32
其它,32
帮助,32
以下,32
思考,32
服务器,32
实战经验,31
交办,31
ECharts,31
Grunt,31
30,31
英文,31
化有,31
视野,31
有限公司,31
一,31
3D,31
加入,31
大屏,31
细节,31
台,30
扩展,30
上进心,30
落地,30
目标,30
ReactJS,30
目前,30
Photoshop,30
Json,30
00,30
Ant,30
交通,30
上海,30
出差,30
定期,29
必须,29
见解,29
体检,29
地铁,29
逻辑性,29
Html,29
计算机软件,29
抽象,29
标签,29
with,29
非,28
敏捷,28
办公,28
核心技术,28
带领,28
主导,28
积累,28
uniapp,28
软件产品,28
共同,28
SQL,28
运维,28
ES,27
稳定,27
计划,27
预,27
标准化,27
计算机科学,27
屏幕,27
对于,27
每年,27
做过,27
JAVA,27
服务器端,27
TCP,27
运行,27
质地,27
图,27
成功,27
阅读,27
Mobile,27
机器人,27
上级,26
思路,26
LESS,26
氛围,26
深度,26
--,26
团建,26
主动性,26
WebSocket,26
深,26
物,26
稳定性,25
IE,25
高保真,25
本,25
书写,25
晋升,25
机会,25
php,25
底层,25
网络协议,25
已有,25
BOM,25
r,25
愿意,25
C#,25
angularjs,25
出,25
内,25
项目经理,25
端及,25
效果图,25
IP,25
认真负责,25
Vuex,25
应用程序,25
准确,25
分,25
拓展,25
to,25
第三方,24
12,24
B,24
基本原理,24
编制,24
调整,24
跨域,24
较为,24
代码优化,24
开朗,24
Css,24
包含,24
iOS,24
编程语言,23
概念,23
国家,23
站,23
redux,23
线,23
elementUI,23
做事,23
享受,23
入职,23
SASS,23
职业,23
异步,23
反馈,23
勇于,23
吃苦耐劳,23
案例,23
基本功,23
json,23
in,23
Native,23
工业,23
控,22
分辨率,22
美工,22
监控,22
心态,22
交互方式,22
广阔,22
当前,22
Three,22
情况,22
产品质量,22
落实,22
缺陷,21
输出,21
websocket,21
成熟,21
GIT,21
线上,21
空间,21
所有,21
脚手架,21
命名,21
月,21
比较,21
IT,21
社区,21
HTML5vue,21
百度,21
div,21
易,21
请求,21
WebApp,21
自动,21
有所,21
正常,21
从业,21
全栈,21
计算,21
EasyUI,21
更新,21
含,21
深入研究,21
重视,21
a,21
~,21
多端,20
调用,20
视频,20
IOS,20
标准规范,20
要,20
各个,20
同事,20
python,20
方案设计,20
Babel,20
统一,20
速度,20
计算机专业,20
支撑,20
pc,20
native,20
购买,20
年度,20
软件系统,20
软件设计,20
C,20
VueJS,20
无,20
个性,20
动效,20
形成,20
注释,20
包,20
缴纳,20
Websocket,20
of,20
智能,20
生日,20
深入分析,20
级,19
函数,19
Typescript,19
角度,19
富有,19
缓存,19
设计方案,19
建立,19
源码,19
antd,19
定位问题,19
Redux,19
两种,19
vuejs,19
前沿,19
NodeJs,19
实战,19
涉及,19
地址,19
技术难题,19
ERP,19
技术手段,19
简历,19
iview,19
分配,19
three,19
礼品,19
引擎,18
重点,18
把握,18
游戏,18
对应,18
动手,18
激情,18
互动,18
13,18
审美,18
18,18
来,18
d3,18
依据,18
一些,18
IDE,18
想法,18
BootStrap,18
较大,18
NPM,18
任意,18
状态,18
C++,18
美观,18
请,18
已,18
自,18
定义,18
1.3,18
跟进,18
flex,18
间,18
预处理,18
电子,18
大,18
成都,18
物流,18
认知,17
归纳,17
RESTful,17
医疗,17
echart,17
最终,17
教育,17
弹性,17
大厦,17
获得,17
细致,17
年终奖,17
多个,17
更好,17
人才,17
北京,17
此,17
SVG,17
绘图,17
整理,17
等等,17
免费,17
开发方式,17
说明,17
产出,17
尝试,17
待遇,17
Vant,17
自测,17
转化,17
the,17
ES7,17
微,17
·,17
疑难问题,16
创建,16
脚本语言,16
聚餐,16
导向,16
Server,16
图片,16
整个,16
浓厚,16
比如,16
科技,16
资源,16
三,16
热衷,16
都,16
符合规范,16
加分,16
高德,16
浓厚兴趣,16
写出,16
可读性,16
度,16
—,16
充满,16
遵循,16
cli,16
文化,16
操作系统,16
Js,16
三维,16
界面设计,16
Flutter,16
PS,16
不定期,16
奖金,16
MySQL,16
ant,16
发展趋势,16
●,16
各大,15
预研,15
关键技术,15
银行,15
15,15
提炼,15
更,15
假期,15
也,15
全面,15
开发进度,15
综合,15
企业级,15
排版,15
录用,15
成果,15
补助,15
BI,15
推广,15
必要,15
遵守,15
保障,15
A,15
清楚,15
活跃,15
Hybrid,15
擅长,15
性格开朗,15
网络通信,15
程序模块,15
提交,15
理念,15
左右,15
webgl,15
好学,15
长期,15
流,15
钉,15
上级领导,15
>,15
一款,14
前段,14
结果,14
layui,14
面试,14
信息化,14
开放,14
JSP,14
大中型,14
概要,14
定制,14
流畅,14
保险,14
后期,14
敏感,14
通讯,14
SDK,14
高质,14
共同完成,14
产品线,14
理论,14
阶段,14
闭包,14
路,14
口,14
写,14
积极参与,14
素质,14
本科毕业,14
利用自身,14
手段,14
动态效果,14
抓包,14
耐心,14
投递,14
数据处理,14
"""",14
几种,14
种,14
期待,14
做好,14
HTML5H5vue,14
投,14
致力于,14
独立思考,14
扩展性,14
design,14
svg,14
调薪,14
放宽,14
编辑器,14
fetch,14
集团,13
很强,13
数据交换,13
SaaS,13
非常,13
scss,13
使,13
CSS3.0,13
呈现,13
常规,13
选择,13
享有,13
午餐,13
可靠,13
Http,13
注,13
211,13
极致,13
敢于,13
时,13
NET,13
范围,13
中心,13
Oracle,13
Css3,13
敏感度,13
vant,13
安全性,13
自定义,13
关于,13
给,13
管理软件,13
着,13
初级,13
处理器,13
盒,13
for,13
Spring,13
OOP,13
上班时间,13
api,13
大学,13
可行性,13
即,13
生产,13
源代码,13
复现,13
／,13
策略,13
制度,13
AI,12
简洁,12
electron,12
二次开发,12
报告,12
平板,12
Electron,12
S,12
语言表达,12
丰富多彩,12
优秀员工,12
按计划,12
Highcharts,12
高效率,12
Echart,12
元素,12
官网,12
均,12
数据分析,12
HTTPS,12
TS,12
类产品,12
linux,12
水平,12
iView,12
保证系统,12
长久,12
灵活,12
Dom,12
规则,12
生命周期,12
为主,12
AngularJs,12
自我管理,12
沟通交流,12
确定,12
促进,12
风险,12
页,12
桌面,12
尤佳,12
自身,12
xml,12
后台程序,12
UE,12
Safari,12
六,12
产品化,12
业内,12
沉淀,12
github,12
常用命令,12
特别,12
希望,12
Firefox,12
智慧,12
Cesium,12
…,12
美术,11
leaflet,11
类型,11
工作效率,11
重用,11
市场,11
数字化,11
层及,11
ps,11
规定,11
易读,11
敏锐,11
成立,11
了,11
每月,11
校验,11
50,11
佳,11
融入,11
敬业精神,11
政府,11
图形,11
外,11
二年,11
号线,11
985,11
院校,11
毕业生,11
增加,11
实习,11
net,11
Router,11
webHTML5,11
全,11
积极向上,11
BUG,11
&,11
规范化,11
该,11
负责人,11
Antd,11
技术规范,11
主要职责,11
mysql,11
一般,11
项,11
模拟,11
健壮,11
知道,11
Angularjs,11
Redis,11
rollup,11
站点,11
年底,11
商城,11
欢迎,11
财务,11
素养,11
价值,11
nginx,11
zepto,11
招聘,11
点,11
媒体,11
模板,11
确认,11
系统分析,11
Backbone,11
参加,11
SPA,11
创造,11
薪酬,11
专注,11
“,11
”,11
成都市,11
Go,10
可用,10
程序员,10
现代,10
北京市,10
病假,10
功能测试,10
20,10
开发计划,10
事物,10
可扩展性,10
两个,10
创意,10
程序设计,10
让,10
外派,10
方,10
1.2,10
国际,10
VueJs,10
感兴趣,10
销售,10
敬业,10
国内外,10
培养,10
事件处理,10
计算机网络,10
他,10
做到,10
还,10
VSCode,10
绘制,10
报表,10
介绍,10
竞争力,10
yarn,10
常用工具,10
应届,10
在线,10
打造,10
严格,10
ios,10
区块,10
广场,10
构架,10
w3c,10
Ruby,10
技术标准,10
意见,10
演进,10
明确,10
位于,10
便利,10
中间件,10
表单,10
易用,10
激励,10
极强,10
迅速,10
显示,10
有着,10
密切配合,10
诚信,10
细心,10
Restful,10
诚实,10
cesium,10
足够,10
dom,10
如何,10
面向,10
事件,10
元,10
消化,10
限,10
上架,10
快,10
技术水平,10
webGL,10
上班,10
浏览,10
商业,10
交代,10
nodeJs,10
制造,10
攻坚,9
战略,9
使用者,9
工整,9
挖掘,9
驻场,9
必备,9
25,9
中型,9
公积金,9
Zepto,9
相当,9
单位,9
中国,9
Firebug,9
营销,9
智能化,9
专业知识,9
Layui,9
应,9
梳理,9
运作,9
Postman,9
Nginx,9
Angular2,9
用法,9
WebPack,9
E,9
系列产品,9
ASP,9
薪,9
给予,9
Dreamweaver,9
前,9
合适,9
数学,9
基础设施,9
向,9
存储,9
电脑,9
prototype,9
程序接口,9
测试人员,9
作为,9
Div,9
影响力,9
经验丰富,9
五年,9
highcharts,9
Mysql,9
属性,9
适应能力,9
周边,9
排查,9
or,9
on,9
development,9
腾讯,9
路由,9
顺利进行,9
工作制,9
交互性,9
code,9
后续,9
洞察力,9
单,9
密切合作,9
餐饮,9
关系,9
额外,9
各方,9
开发软件,9
bower,9
门户,9
交互技术,9
文件,9
做出,9
细化,9
民航,9
差异性,9
检查,9
产生,9
angularJS,9
ionic,9
兼具,9
资质,9
Bug,9
绩效,9
型,9
支付宝,9
红包,9
零食,9
优秀者,9
公用,9
安卓,9
面对,9
ｔ,9
消毒,9
电力,8
美感,8
攻克,8
特点,8
sql,8
信息系统,8
HBuilder,8
补充,8
17,8
优势,8
总部,8
DNS,8
分解,8
jsp,8
编译语言,8
读写能力,8
硕士,8
28,8
不断完善,8
vueweb,8
dva,8
由,8
电子商务,8
楼,8
项目组,8
应聘,8
一次,8
MV,8
意愿,8
自驱力,8
es5,8
冗余,8
开展,8
年限,8
发挥,8
测试工具,8
精,8
国内,8
一家,8
伙伴,8
数字,8
同,8
性格,8
新兴,8
babel,8
eslint,8
android,8
基本工资,8
社保,8
定义数据,8
LayUI,8
好奇心,8
图像处理,8
一类,8
一到,8
Flash,8
OA,8
自有,8
Npm,8
审美观,8
服务化,8
增强,8
PostMan,8
javaScript,8
进,8
关键,8
懂,8
专职,8
oracle,8
小时,8
ReactJs,8
新人,8
审核,8
business,8
product,8
skills,8
跨端,8
验证,8
版,8
优,8
测试计划,8
下午茶,8
发放,8
数据通信,8
mvvm,8
MongoDB,8
数据格式,8
成为,8
占,8
朝九晚,8
读写,8
申请,8
架构师,8
CRM,8
多线程,8
Github,8
试用期,8
如果,8
Xml,8
正直,8
贡献,8
Vuejs,8
生日会,8
音视频,8
专题,8
HTML5web,8
elementui,8
网络安全,8
CommonJS,8
播放,8
嵌套,8
这些,8
做五休,8
门户网站,8
期权,8
每天,8
上均,8
年终奖金,8
基金,8
resource,8
精准,8
控制系统,8
证券,8
中有,8
实时,8
住宿,8
天,8
指定,8
ｅ,8
ａ,8
天府,8
机场,8
行李,8
2.3,7
难题,7
100,7
AntV,7
欲望,7
ArcGIS,7
器,7
二本,7
认真细致,7
redis,7
2020,7
模版,7
供应链,7
读懂,7
特质,7
1.4,7
人性化,7
国网,7
能源,7
vux,7
40,7
下午,7
Axure,7
专业技能,7
45,7
JQ,7
完美,7
相对,7
下层,7
对系统,7
ReactNative,7
分公司,7
用友,7
全国,7
已经,7
进入,7
WXML,7
抗压性,7
任务分配,7
业务知识,7
reactjs,7
任一,7
前瞻性,7
编辑,7
接入,7
全额,7
健身房,7
D,7
一流,7
而,7
名称,7
顺畅,7
基地,7
SEO,7
@,7
防范,7
全职,7
Ionic,7
接口定义,7
测量,7
存在,7
事业,7
介意,7
休息,7
电话,7
理工科,7
语音,7
YUI,7
区别,7
ECMAScript,7
操作界面,7
任,7
精确,7
肯干,7
主管,7
PAD,7
勿,7
mvc,7
继承,7
SRM,7
photoshop,7
审查,7
SCSS,7
达到,7
一本,7
勿扰,7
对象,7
临时,7
传统,7
先,7
management,7
have,7
experience,7
成,7
小组,7
HTML5Vue,7
健康,7
住房,7
至,7
事业心,7
最优化,7
review,7
Taro,7
nodeJS,7
gis,7
J2EE,7
mock,7
转正,7
AntD,7
餐补,7
洁癖,7
趋势,7
并发,7
script,7
更加,7
layUI,7
优越,7
生活,7
懂得,7
扁平化,7
我,7
保质保量,7
库如,7
分层,7
spring,7
量化,7
资料,7
社会保险,7
硬件,7
业务流程,7
REST,7
﹑,7
单页,7
绑定,7
冲突,7
熟知,7
rem,7
过中,7
table,7
员工福利,7
精致,7
大学专科,7
逐步,7
零售,7
直播,7
瓶颈,7
收集,7
年会,7
善用,7
ｃ,7
澳洲,7
高新区,7
◆,7
领先,6
机器,6
xhtml,6
优雅,6
平面设计,6
图形化,6
端系统,6
express,6
现,6
舒适,6
这里,6
19,6
日,6
类似,6
访问速度,6
出色,6
担任,6
角色,6
灵活运用,6
优先级,6
阿里,6
代理,6
链接,6
大小,6
转换成,6
35,6
海淀区,6
内核,6
通信协议,6
岁,6
全勤奖,6
party,6
coding,6
漏洞,6
antDesign,6
尤其,6
率低,6
地理信息,6
Openlayers,6
分工,6
始终,6
管理工作,6
强大,6
融合,6
上市,6
高速,6
WXS,6
通信工程,6
查,6
区,6
近,6
接触,6
...,6
附近,6
礼物,6
美化,6
录取,6
Extjs,6
完全,6
avalon,6
构件,6
卓越,6
前期,6
担当,6
ExtJS,6
可行,6
事项,6
Reactjs,6
单元,6
当月,6
系统化,6
联系,6
谢谢,6
vuereact,6
HTML4,6
驱动力,6
色彩,6
四级,6
出发,6
汇报,6
Net,6
视图,6
Ext,6
小游戏,6
手,6
独特,6
承压,6
工资,6
即可,6
HR,6
责任,6
定,6
stylus,6
server,6
结构设计,6
实践者,6
AMD,6
CMD,6
信息管理,6
满足用户,6
对外,6
be,6
is,6
’,6
requirements,6
new,6
APIs,6
processes,6
Experience,6
UED,6
出现,6
力,6
认同,6
控制,6
vueJS,6
端自,6
backbone,6
有物,6
错误,6
单独,6
MVP,6
服从,6
初中级,6
命令,6
SSR,6
诊断,6
webgis,6
痛点,6
有线,6
hybrid,6
硬性,6
热衷于,6
超过,6
比,6
来自,6
找到,6
满,6
突出,6
专研,6
指令,6
cordova,6
感觉,6
构成,6
故障,6
Code,6
解析,6
挑战性,6
充满热情,6
宿舍,6
jq,6
制,6
面向对象分析,6
节奏,6
任何,6
应对,6
信息技术,6
一项,6
确立,6
口头,6
一套,6
b,6
爱,6
流式,6
混合式,6
taro,6
基本知识,6
春节,6
500,6
重要,6
MUI,6
CSS2,6
FireFox,6
态度端正,6
城市,6
Illustrator,6
品质,6
环境中工作,6
积极进取,6
高效性,6
努力,6
政策,6
云端,6
美国,6
碰到,6
1.5,6
Dojo,6
现实,6
webApp,6
鹰谷,6
weex,6
咨询,6
季度,6
异同,6
成品,6
行为,6
有用,6
独自,6
尺寸,6
分离式,6
精诚,6
WMS,6
环节,6
测试用例,6
人工智能,6
软件测试,6
次,6
库中,6
检测,6
期货,6
人机交互,6
探讨,6
技术创新,6
书面,6
Job,6
海外,6
金山,6
电子信息,5
科学,5
1.1,5
Svg,5
某,5
高强度,5
openlayer,5
component,5
技术人员,5
创造力,5
14,5
用于,5
改变,5
性能需求,5
礼金,5
期间,5
联合开发,5
样式表,5
IE6,5
框,5
配电,5
持续性,5
有微,5
严格遵守,5
软件技术,5
HTML5.0,5
AntDesign,5
新能源,5
研究院,5
扶贫,5
jsonp,5
es7,5
ESlint,5
IView,5
入,5
餐费,5
慰问,5
横向,5
价值观,5
REACT,5
可靠性,5
意图,5
ng,5
信息工程,5
能动性,5
派,5
数据仓库,5
公司总部,5
地产,5
业务人员,5
引导,5
系统优化,5
Dev,5
图形学,5
webvue,5
低于,5
食堂,5
四,5
班车,5
公交站,5
天桥,5
主,5
X,5
90,5
不是,5
只要,5
就,5
绩效奖金,5
com,5
热门,5
Mobx,5
新鲜,5
VUEX,5
泛微,5
机构,5
首先,5
偶尔,5
四惠,5
南侧,5
再,5
应聘者,5
VantUI,5
医院,5
创新能力,5
保障线,5
获取数据,5
service,5
Socket,5
正规,5
知识点,5
变化,5
Vue3,5
PhotoShop,5
mobile,5
e,5
charts,5
实操,5
中小型,5
工程质量,5
独到,5
chrome,5
增长,5
tomcat,5
员,5
采购,5
引入,5
突破,5
未来,5
will,5
working,5
s,5
solutions,5
communication,5
internal,5
teams,5
quality,5
team,5
from,5
software,5
related,5
半年,5
MyBatis,5
分期,5
Express,5
Koa,5
基础架构,5
Scss,5
短期,5
企业应用,5
reactJS,5
对象化,5
职业道德,5
外部,5
交互式,5
守信,5
另外,5
六险,5
五天,5
生日礼品,5
语句,5
年终,5
改造,5
QA,5
技术培训,5
极,5
关注度,5
人际关系,5
万,5
覆盖,5
年轻,5
限制,5
JAVASCRIPT,5
符合标准,5
行政,5
软件园,5
端午节,5
中秋节,5
公司员工,5
外出,5
优惠政策,5
运行机制,5
全球,5
AWS,5
小米,5
shell,5
研究生,5
分布式系统,5
去,5
有条理,5
有云,5
vscode,5
95%,5
逻辑系统,5
色调,5
流程图,5
CI,5
CD,5
数据管理,5
达成,5
数据传输,5
mui,5
人际沟通,5
强度,5
甲方,5
整站,5
引进,5
结婚,5
整洁,5
保证质量,5
Flex,5
轻松,5
Seajs,5
工作量,5
H5HTML5,5
商业保险,5
医疗保险,5
基建,5
boot,5
更优,5
fis,5
Tomcat,5
中台,5
中级,5
debug,5
进程,5
开发方法,5
Nuxt,5
seo,5
早九晚,5
开阔,5
工作者,5
放假,5
办理,5
切片,5
wepy,5
mpvue,5
调试器,5
mv,5
作用域,5
c,5
d,5
我司,5
注册,5
高新技术,5
不错,5
管控,5
胜任,5
ES2015,5
作用,5
学校,5
回滚,5
正在,5
投资,5
售后,5
里,5
奖励,5
所以,5
先进,5
分支,5
仓库,5
供,5
社交,5
谷歌,5
seajs,5
......,5
拆解,5
奖,5
生日礼物,5
上海市,5
弄,5
步行,5
分钟,5
欢迎您,5
差别,5
爱好,5
梦想,5
贴心,5
Sketch,5
Fiddler,5
Require,5
监管者,5
用过,5
业务部门,5
证书,5
设计规范,5
上述,5
x,5
数据服务,5
先进性,5
２,5
消息,5
RequireJS,5
关键问题,5
Mybatis,5
机型,5
webapp,5
年休假,5
软件维护,5
兼顾,5
Karma,5
admin,5
知名,5
加油,5
能用,5
栋,5
地理信息系统,5
规模,5
感,5
antv,5
查询,5
UX,5
可加分,5
Q,5
报销,5
队员,5
＊,5
产假,5
休假,5
婚假,5
ｐ,5
Ｓ,5
产业,5
降低,5
编写出,5
-----,5
SYNNEX,5
2K,5
both,5
生态圈,4
广告,4
GL,4
CS,4
javawebweb,4
说明书,4
新一代,4
Agile,4
WebStorm,4
Augular,4
springboot,4
想象力,4
16,4
nice,4
线路,4
课程,4
纵向,4
FIS,4
2021,4
有带,4
每日,4
商户,4
组织协调,4
团购,4
施耐德,4
短于,4
27,4
extjs,4
easyUI,4
深厚,4
apicloud,4
亦可,4
短,4
04,4
主营业务,4
原有,4
中关村,4
起,4
软件架构,4
写作能力,4
认证,4
则,4
早上,4
职后,4
立即,4
直招,4
软件缺陷,4
环保,4
导师,4
browserify,4
占用,4
Hybird,4
Anglur,4
Axios,4
Mint,4
集体,4
协同工作,4
常见问题,4
实用,4
办事,4
封闭,4
对策,4
主观,4
数据流,4
复杂性,4
广大,4
四惠东,4
广东,4
OEM,4
合作伙伴,4
U8,4
Cloud,4
渠道,4
处于,4
个人成长,4
观念,4
内嵌,4
蓝牙,4
交待,4
效能,4
80,4
适合,4
室,4
茶水,4
朝阳区,4
一号,4
通州,4
学院,4
西北,4
城,4
北,4
米,4
顺义,4
租房,4
牵头,4
严密,4
Sql,4
WebView,4
多渠道,4
体系化,4
996,4
5A,4
写字楼,4
快乐,4
客户服务,4
联系电话,4
126,4
玩转,4
JavaScrip,4
各个部门,4
绝大部分,4
对待,4
Rollup,4
构思,4
策划,4
IE8,4
JqueryUI,4
Weex,4
折腾,4
追踪,4
推送,4
系统软件,4
储备,4
音频,4
调取,4
就职,4
科技股份,4
授权,4
A座,4
距离,4
900,4
两次,4
涨薪,4
全年,4
由于,4
回复,4
收到,4
筛选,4
远程,4
多项,4
小冰,4
商业化,4
边界,4
组长,4
工作进度,4
索引,4
js3,4
之后,4
掌,4
Webstorm,4
产,4
为人正直,4
勤奋,4
制图,4
高可用性,4
行业软件,4
工具化,4
周一,4
建筑,4
Highchart,4
EChart,4
图标,4
意向,4
阻碍,4
H5web,4
生产力,4
墨刀,4
精美,4
作,4
dojo,4
少,4
外地,4
Mockjs,4
工作岗位,4
程度,4
加快,4
Solution,4
Architect,4
The,4
client,4
existing,4
state,4
platform,4
engineering,4
technical,4
Work,4
cross,4
into,4
projects,4
Must,4
English,4
建模,4
记录,4
贡献者,4
勤奋好学,4
视觉效果,4
保密,4
不仅,4
工科,4
数据报表,4
权限,4
MySql,4
Cookie,4
webreact,4
亮点,4
即时,4
Scrum,4
局,4
静,4
气象,4
约,4
月度,4
津贴,4
设有,4
mobx,4
年龄,4
早,4
工作餐,4
依赖,4
背后,4
适用,4
知识者,4
技术论坛,4
lodash,4
三观,4
端正,4
连锁,4
10%,4
多条,4
JQUERY,4
联盟,4
Plus,4
体积,4
蛋糕,4
户外,4
凝聚力,4
房产,4
IO,4
定时,4
环球,4
Django,4
为佳,4
请勿,4
配置管理,4
流利,4
视,4
版本升级,4
eChart,4
积极性,4
库及,4
适当,4
CLI,4
自研,4
MQTT,4
子,4
软件平台,4
衍生,4
当日,4
highchart,4
四年,4
Service,4
路线,4
周,4
细分,4
若,4
坚持,4
这个,4
ivew,4
建,4
传输,4
会议,4
flutter,4
DB2,4
SQLSERVER,4
签名,4
查看,4
日志,4
图形图像,4
处理软件,4
vueH5,4
抽象思维,4
决策,4
好地解决,4
设置,4
ESLint,4
头,4
tree,4
小伙伴,4
HTM5,4
高压,4
假日,4
共享,4
服务平台,4
精益求精,4
性高,4
特色,4
敢于创新,4
git8,4
世界,4
系统命令,4
TMS,4
获取,4
Nginx6,4
CentOS,4
Modbus,4
现场,4
Responsibilities,4
end,4
based,4
understanding,4
other,4
testing,4
process,4
one,4
合并,4
低版本,4
某些,4
富于,4
一致,4
RAP,4
群体,4
心,4
因,4
SAAS,4
这,4
百分比,4
又,4
～,4
午休,4
不合理,4
排除,4
行动,4
１,4
Tools,4
半小时,4
传感器,4
石油,4
制造业,4
口语,4
F,4
嵌入式,4
提成,4
工,4
松江,4
新城,4
地铁站,4
号口,4
切割,4
内部测试,4
密切,4
Ember,4
机顶盒,4
自学,4
OO,4
承接,4
正式,4
requirejs,4
工龄,4
直达,4
git7,4
每个,4
大量,4
RN,4
anglar,4
交给,4
跨部门,4
编程技术,4
高档,4
vue2,4
支付,4
VueRouter,4
旗下,4
会用,4
数据通讯,4
冒泡,4
之,4
组员,4
状况,4
化为,4
所属,4
work,4
unit,4
strong,4
围绕,4
对接口,4
推荐,4
easy,4
MES,4
开发新,4
表达清晰,4
公司简介,4
SCM,4
供应商,4
仓储,4
徐汇区,4
创业,4
一同,4
采用,4
周期,4
大厂,4
生育,4
哦,4
VS,4
房补,4
Requirejs,4
派驻,4
场,4
没有,4
投入,4
成本,4
分布式,4
承担责任,4
认可,4
Demo,4
l,4
属于,4
查看器,4
Wap,4
备注,4
总体设计,4
提前,4
拎包,4
入住,4
WebAssembly,4
实行,4
上午,4
变更,4
Uniapp,4
执着,4
glup,4
jQueryUI,4
多方面,4
整体规划,4
知晓,4
大牛,4
体现,4
Vue2.0,4
word,4
R,4
条理性,4
Yarn,4
require,4
既定,4
PostCSS,4
JSS,4
最,4
CMS,4
全局,4
视角,4
serverless,4
NoSQL,4
专家,4
GitHub,4
提示,4
SAP,4
将会,4
易于,4
优选,4
临港,4
二次,4
webRTC,4
Uni,4
系统集成,4
DIVCSS,4
大型软件,4
走查,4
Maven,4
SuperMap,4
水果,4
移植,4
非诚,4
转换,4
流量,4
系统维护,4
他人,4
WebGIS,4
Promise,4
理论知识,4
理,4
跟,4
老,4
leader,4
高端,4
丧假,4
组内,4
３,4
Ｈ,4
ｏ,4
ｂ,4
ｓ,4
ｒ,4
ｉ,4
５,4
①,4
②,4
③,4
依照,4
探寻,4
建设性,4
四川,4
乡村,4
过往,4
office,4
Office,4
WEBGL,4
调优有,4
健全,4
有意者,4
零部件,4
整机,4
控制器,4
民用,4
航空局,4
新津,4
工业园区,4
SPAs,4
加固,3
ReactVue,3
学信网,3
Svn,3
Egret,3
系统核心,3
自驱,3
硅谷,3
library,3
公路,3
设计者,3
Table,3
Processing,3
Report,3
Jest,3
draggable,3
拖拽,3
紧密结合,3
有利于,3
过非,3
优厚,3
薪金,3
地区,3
内外部,3
系统安全,3
有创造力,3
强悍,3
CGI,3
AS,3
优异,3
22,3
据,3
交易,3
0,3
公安,3
package,3
26,3
12%,3
D6,3
树形,3
列表,3
菜单,3
拓扑图,3
观察力,3
美术设计,3
趋于,3
缜密,3
https,3
连接,3
各款,3
合资,3
光伏,3
准确性,3
一致性,3
顺序,3
Hbuilder,3
动态数据,3
数量,3
VueReactJavaScript,3
个性化,3
度高,3
解除,3
之外,3
想,3
一份,3
长远,3
2.18,3
联系地址,3
上园,3
村,3
交大,3
12A034,3
提倡,3
全休,3
零,3
率,3
然悉,3
Laravel,3
laravel,3
javaseript,3
并行,3
angular2,3
＋,3
测绘,3
Leaflet,3
DEMO,3
制订,3
55,3
restful,3
56,3
才能,3
指标,3
58,3
60,3
商联达,3
助力,3
不止,3
渴望,3
全端,3
垂,3
zorro,3
Ubuntu,3
子系统,3
手册,3
辅导,3
RxJS,3
聚焦,3
区域,3
急需,3
WXSS,3
VUEJS,3
密切协作,3
图库,3
指派,3
Webservice,3
周围,3
匹配,3
HTML5CSS,3
99,3
五,3
梨园,3
西,3
北关,3
物资,3
大悦,3
土城,3
宋家庄,3
望,3
京西,3
潮流,3
并用,3
1.0,3
感知,3
条件者,3
Soft,3
Bootstrop,3
冲量,3
新思路,3
航母,3
级别,3
隐私,3
相似,3
DevTools,3
软件应用,3
为先,3
webstorm,3
像素,3
梦,3
万达,3
商圈,3
身体,3
做成,3
联系方式,3
系,3
期望,3
95,3
WCF,3
Entity,3
Framework,3
正确,3
Vite,3
25K,3
PhoneGap,3
DCloud,3
崇尚,3
写过,3
SERVLET,3
北方,3
大区,3
仔细阅读,3
为了,3
满意度,3
慎重,3
桥,3
甲,3
伊莎,3
文心,3
米左右,3
管理制度,3
恕,3
不能,3
一一,3
转发给,3
以前,3
医学影像,3
118,3
425,3
swiper,3
开发周期,3
三个,3
H5vue,3
单体,3
SQLServer,3
平和,3
WinMac,3
BS,3
急诊,3
全段,3
mint,3
传媒,3
资讯,3
_,3
负责管理,3
Windows,3
事宜,3
库者,3
JQueryUI,3
全过程,3
组建,3
150,3
下一代,3
局限于,3
广泛,3
调度,3
周五,3
LESS2,3
基本操作,3
保定,3
dashboard,3
有关,3
独当一面,3
axure,3
文档资料,3
测试阶段,3
学士,3
医疗器械,3
带,3
名,3
5000,3
8000,3
住,3
民生银行,3
招,3
部门经理,3
Base,3
济南,3
顾问,3
STRUTS,3
SPRING,3
HIBERNATE,3
weblogic,3
SQL6,3
常,3
async,3
await,3
本地,3
积极探索,3
应用软件,3
过较,3
大规模,3
G,3
一名,3
公立,3
大学毕业,3
B2B,3
vueHTML5,3
200,3
现存,3
宏观,3
低,3
承认,3
Engineer,3
developed,3
time,3
key,3
closely,3
staff,3
propose,3
functionality,3
our,3
art,3
you,3
are,3
Developer,3
excellent,3
solution,3
need,3
attention,3
functional,3
project,3
develop,3
third,3
integrations,3
Understand,3
content,3
them,3
specification,3
implementation,3
build,3
drag,3
Support,3
knowledge,3
as,3
required,3
including,3
Bachelor,3
an,3
services,3
customer,3
Ability,3
multiple,3
stakeholders,3
source,3
control,3
参数,3
实体,3
识别,3
jsjavascript,3
Hibernate,3
手工,3
死角,3
偏差,3
炫酷,3
TweenMax,3
有令,3
骄傲,3
奋斗,3
拥抱,3
OpenGL,3
多屏,3
核心内容,3
WeX5,3
从优,3
充分考虑,3
90%,3
Session,3
学历者,3
演化,3
javajavascript,3
家族,3
架,3
熟练地,3
有效率,3
辅助,3
Javascript2,3
openlayers,3
技术革新,3
datav,3
PRD,3
假及,3
过节,3
差旅费,3
休闲,3
百万,3
面谈,3
周岁,3
早餐,3
严苛,3
maven,3
禅道,3
修正,3
Vscode,3
主线,3
了若指掌,3
托管,3
盒子,3
它们,3
认真仔细,3
HTML5java,3
用工,3
劳务,3
派遣,3
承载,3
百观,3
多元,3
带动,3
等泛,3
Stackoverflow,3
回答,3
ReactReact,3
JSReactNative,3
XSS,3
CSRF,3
寻求,3
moment,3
研究者,3
成就,3
78%,3
交易量,3
流水,3
超,3
亿人,3
活力,3
BAT,3
金蝶,3
咖,3
碰撞,3
擦,3
出新,3
火花,3
汇集,3
公交线路,3
志同道合,3
内控,3
关联,3
404,3
面前,3
提薪,3
K,3
歌,3
休闲活动,3
百合,3
网有,3
婚介,3
恒大,3
临时性,3
疑难杂症,3
项目风险,3
发掘,3
资历,3
集合,3
新动向,3
勤恳,3
经常,3
300,3
中科,3
创达,3
简介,3
提供商,3
智能手机,3
南京,3
重庆,3
进取精神,3
303,3
学历证书,3
学位,3
SpringMVC,3
SpringBoot,3
Kafka,3
负载,3
理想,3
接,3
Bootetrap,3
UIkit,3
命令行,3
docker,3
安装,3
图标库,3
荣誉,3
Script,3
route,3
容器,3
公办,3
按钮,3
商品,3
统计,3
云化,3
注入,3
文本,3
RP,3
cloud,3
心得,3
科研,3
轨道交通,3
c++,3
变异,3
Eclipse,3
财富,3
主人翁,3
勤于,3
生命,3
周期函数,3
参数传递,3
居住证,3
融洽,3
六年,3
360,3
压缩,3
reactJs,3
erp,3
12k,3
结合实际,3
步伐,3
中期,3
Responsive,3
愉悦,3
提取,3
社群,3
To,3
承诺,3
必达,3
D3js,3
库是,3
投产,3
旅游团,3
CDN,3
Shell,3
行进,3
HTMLCSS,3
400,3
apache,3
es,3
410,3
dart,3
Orcale,3
Weblogic,3
Websphere,3
Jboss,3
应用服务器,3
加密算法,3
自行,3
英语水平,3
服从安排,3
熟,3
专员,3
助理,3
关键词,3
国际化,3
汽车,3
人品,3
驾驭,3
品味,3
判断,3
求知,3
Material,3
g2,3
它,3
含义,3
影像,3
cornerstone,3
新思维,3
必要条件,3
components,3
视频流,3
三方,3
antD,3
Koa2,3
AMap,3
qiankun,3
脱离,3
Ecmascript,3
divcss,3
合理性,3
不限,3
HTML5react,3
饮料,3
交易系统,3
开支,3
本身,3
uview,3
2D,3
保质,3
g6,3
设计标准,3
468,3
带有,3
合规,3
当天,3
６,3
带上,3
2011,3
全方位,3
户,3
游览器,3
张江,3
Web2.0,3
附上,3
HybridApp,3
jira,3
布置,3
WebAPI,3
货运,3
jsReact,3
501,3
RHEL,3
楼宇,3
OPC,3
形态,3
内存,3
层面,3
思维能力,3
deliver,3
front,3
applications,3
documents,3
integration,3
production,3
least,3
technologies,3
framework,3
Familiar,3
website,3
成功经验,3
布道,3
适屏,3
511,3
CCS3,3
Emelent,3
YAPI,3
RESTFUL,3
Graphql,3
flux,3
忧先,3
专栏,3
写作,3
AngularIS,3
舞台,3
商业地产,3
常有,3
伯乐,3
那个,3
拆分,3
前身,3
非外,3
作图,3
修养,3
独到见解,3
项目前期,3
多人,3
ssr,3
未知,3
抽离,3
地方,3
指正,3
发起,3
模块接口,3
编码标准,3
日语,3
读取,3
Vue2,3
进一步,3
Google,3
作息时间,3
无线通信,3
板块,3
天然气,3
跨行业,3
售前,3
几个,3
机遇,3
给与,3
股份,3
!,3
可不,3
AjaxHTTP,3
电视,3
流畅性,3
Apache,3
文献,3
3d,3
webrtc,3
568,3
跳转,3
弹出,3
Reactor,3
另,3
既有,3
saas,3
除了,3
flash,3
愉快,3
供应,3
应有尽有,3
注意,3
举办,3
金沙江,3
西路,3
求职信,3
以往,3
求职,3
终端设备,3
等库,3
uniApp,3
透彻,3
带队,3
webHTML5H5,3
后背,3
开心,3
bootstrap4,3
需有,3
计算机技术,3
面议,3
友善,3
关怀,3
高额,3
跨境,3
道路,3
这样,3
拼搏,3
改版,3
独立自主,3
必需,3
起草,3
Fireworks,3
yeoman,3
电子相关,3
合理化,3
强加,3
对盒,3
MockJS,3
理解力,3
Pro,3
hooks,3
捕获,3
JSBridge,3
15K,3
developer,3
use,3
architecture,3
years,3
programming,3
plus,3
Dva,3
Web3D,3
ResultFul,3
原因,3
上下游,3
material,3
治理,3
ToB,3
作业,3
接口协议,3
vue3,3
节流,3
不断创新,3
安全漏洞,3
有序,3
流程化,3
高水平,3
时刻,3
特征,3
v,3
其他软件,3
股权,3
合伙人,3
打折,3
两不误,3
运动,3
丰厚,3
随时,3
UCD,3
JavaScriptHTMLCSS,3
联测,3
2.2,3
HTML5vueweb,3
Umi,3
难关,3
HTML5JavaScript,3
BPM,3
711,3
预期,3
及时发现,3
mybatis,3
SSH,3
nodejs5,3
通道,3
实验室,3
私有,3
WAP,3
demo,3
客服,3
友好度,3
须知,3
VUE3,3
熟练者,3
平等,3
知名品牌,3
想要,3
话,3
补,3
居,3
转户,3
留学生,3
公寓,3
房租,3
远,3
市价,3
困扰,3
触觉,3
进步,3
ServiceWorker,3
LocalStorage,3
Angular6,3
es2015,3
目的,3
能夠,3
烈,3
操守,3
聪明,3
Ul,3
Jasmine,3
网络应用,3
队列,3
推行,3
研发部门,3
防控,3
与其,3
新增,3
各项任务,3
平衡,3
搭配,3
不用,3
结构化,3
苹果,3
in18,3
款,3
实际收入,3
险,3
金,3
Position,3
Performance,3
集中,3
在职员工,3
jenkins,3
整体性,3
外贸,3
查找,3
融航,3
双向,3
进销存,3
一线,3
MVMM,3
分析方法,3
出众,3
终端产品,3
生成,3
具,3
互交,3
体验式,3
海尔,3
品牌,3
运营商,3
集,3
一体,3
众多,3
知名企业,3
北路,3
等级,3
动力,3
优异者,3
品行端正,3
同等,3
有限,3
postman,3
Vuetify,3
固定,3
排序,3
遍历,3
事,3
除,3
真实,3
加强,3
条理清晰,3
控制能力,3
看,3
平时,3
Fiori,3
elements,3
短时间,3
言语,3
笔试,3
结对,3
工艺,3
1065,3
约束,3
网络通讯,3
质量保证,3
Bower,3
GO,3
d3js,3
电力行业,3
Saas,3
持有,3
程序代码,3
业余时间,3
判断力,3
无车,3
承运人,3
能源行业,3
撬装,3
对标,3
汇,3
能链,3
点滴,3
万金油,3
找油网,3
G7,3
团油,3
Core,3
Mongodb,3
关系数据库,3
安防,3
指挥,3
实际上,3
农业,3
监测,3
ANGULAR,3
Stylus,3
评定,3
巡检,3
WebRTC,3
mongodb,3
维护性,3
作出,3
月份,3
专项,3
变成,3
打磨,3
封包,3
OpenLayers,3
演示,3
htmlcss,3
交互进行,3
验,3
－,3
u3000,3
要素,3
浦东新区,3
C3,3
各端,3
Webview,3
技术储备,3
ThreeJS,3
easyui,3
选用,3
1000,3
漂亮,3
Requirement,3
收银,3
前提,3
工资待遇,3
实作,3
#,3
Appcan,3
健壮性,3
云简,3
掌控,3
园区,3
B轮,3
融资,3
临近,3
机械,3
茶,3
building,3
和谐,3
Bootstrap4,3
物联,3
资深,3
圈,3
带薪休假,3
住房补贴,3
开始,3
业务培训,3
群,3
总监,3
人数,3
晚餐,3
公拍网,3
持,3
webview,3
reactvue,3
三餐,3
配备,3
立项,3
API3,3
曾,3
SeaJS,3
安全意识,3
特殊效果,3
还有,3
年轻化,3
相处,3
GUI,3
chart,3
Salesforce,3
Veeva,3
对运维,3
资质证书,3
RestClient,3
在线教育,3
４,3
ｊ,3
ｍ,3
ｌ,3
Ｊ,3
ｖ,3
W,3
信用卡,3
经营,3
loader,3
golang,3
PYTHON,3
监督,3
WSA,3
寻缘,3
一体化,3
####,3
倍,3
Drupal,3
④,3
管理器,3
eCharts,3
选项,3
思,3
firefox,3
tools,3
iPhone,3
Api,3
富,3
咖啡,3
有大屏,3
政务,3
采纳,3
不算,3
天作云,3
很多,3
五街,3
从而,3
高温,3
锦江区,3
分红,3
强者,3
高可,3
基本思路,3
来切,3
1268,3
高新,3
西区,3
大道,3
IM,3
宁波,3
按质,3
一批,3
品,3
出口,3
028,3
邮箱,3
号楼,3
POC,3
依靠,3
webstrom,3
办公楼,3
端多,3
IDEA,3
h264,3
Openlayer,3
Es6,3
防护,3
得到,3
广泛应用,3
困难,3
三大,3
互联,3
卡诺普,3
依托,3
学科,3
经,3
批准,3
材料,3
功能区,3
新材,3
稀饭,3
另有,3
modern,3
websites,3
game,3
ongoing,3
Vegas,3
communicate,3
Polymer,3
火山,2
矩阵,2
共建,2
可验证,2
试玩,2
CocosCreater,2
有端,2
nosql,2
Microservices,2
Architecture,2
SQLite,2
EChats,2
大屏幕,2
水资源,2
NextJS,2
Chart,2
Data,2
Loading,2
合作开发,2
Video,2
Enzyme,2
test,2
styled,2
storybook,2
Flowtype,2
GraphQL,2
Andriod,2
Postgresql,2
elasticsearch,2
搜索,2
javaHTML5,2
VUEbootstrapCSS,2
渐进,2
HTML5bootstrapjQueryCSSSASSlessajax,2
库来,2
简化,2
赴,2
外商独资,2
遍及,2
亚洲,2
优美,2
宽松,2
明朗,2
晚会,2
表彰,2
多元化,2
岗前,2
在职,2
转职,2
横向发展,2
福利制度,2
无缝,2
日至,2
21,2
Bootstarp,2
MooTools,2
Prototype,2
XHTMLCSSJavaScriptVUEDOMAJAXJavaScriptHTML5CSS3,2
23,2
优鲜,2
竞品,2
完成度,2
商家,2
生鲜,2
24,2
MDD,2
2.1,2
七险,2
比例,2
View,2
29,2
Ztree,2
vis,2
Ajax2,2
31,2
M,2
5.2,2
32,2
33,2
反向,2
对长,2
WEBAPP,2
34,2
36,2
异常情况,2
数据安全,2
清晰度,2
载入,2
37,2
amazeUI,2
38,2
招收,2
学士学位,2
原则,2
吃苦,2
大街,2
1901A,2
39,2
能效,2
通读,2
全球性,2
深层次,2
拿,2
41,2
采选,2
连续,2
VueCLI,2
42,2
ElementUI5,2
vueuni,2
43,2
44,2
XMind,2
Visio,2
Excel,2
PowerPoint,2
底薪,2
JSONNode,2
jsElementUI,2
触屏,2
AUI,2
包装,2
器如,2
46,2
47,2
html4.0,2
css2.1,2
es3,2
48,2
Hub,2
Bugzilla,2
vueCSS3,2
49,2
ecshop3,2
karam,2
jasmine,2
51,2
全国性,2
Coding,2
Mapbox,2
52,2
WEBSOCKET,2
53,2
54,2
MYSQL,2
VueVuexWebpackAxiosEcharts,2
57,2
H5JS,2
59,2
61,2
E5,2
62,2
操作手册,2
测试报告,2
63,2
架构图,2
商业智能,2
一站式,2
山东,2
江苏,2
云南,2
开设,2
办事处,2
覆盖全国,2
软件厂商,2
厂商,2
明显,2
U8C,2
面向全国,2
几千家,2
有志,2
TO,2
JSvueES6JavaScript,2
64,2
65,2
vuerouter,2
收发,2
VUEReactweb,2
66,2
67,2
网络工程,2
mxgraph,2
68,2
Tool,2
自律,2
自觉,2
69,2
切出,2
背景图,2
websocket3,2
70,2
ng2,2
首选,2
71,2
72,2
极具,2
73,2
74,2
75,2
JavaWeb,2
安卓端,2
76,2
所用,2
特定,2
实习生,2
Cli,2
77,2
jd,2
雷神,2
uView,2
AntUI,2
mpVue,2
CSS3JavaScript,2
78,2
自定,2
webVUE,2
79,2
检验,2
网上,2
81,2
98%,2
JavasScript,2
一日三餐,2
瑜伽,2
休息区,2
平房,2
乡石,2
各庄,2
褡裢,2
坡,2
杨家,2
洼,2
果园,2
二号,2
路西,2
北苑,2
国泰,2
杨闸,2
环岛,2
西北角,2
三号,2
草房,2
常营,2
四号,2
华德宝,2
4S店,2
对面,2
五号,2
惠新,2
西街,2
南口,2
口东,2
芍药居,2
六号,2
方庄,2
桥东,2
潘家园,2
桥北,2
双井桥,2
七号,2
俸伯线,2
俸伯,2
口西,2
石门,2
西南,2
望泉,2
西里,2
公,2
八号,2
张镇线,2
张镇公,2
九号,2
望京,2
西线,2
十号,2
夜间,2
–,2
青年,2
82,2
成跨,2
领悟,2
83,2
随着,2
交流经验,2
不急,2
不躁,2
84,2
85,2
行业动态,2
86,2
87,2
88,2
sublime,2
html5vueangularweb,2
89,2
编号,2
YDBJ,2
KFB,2
002,2
高能,2
修订,2
时间轴,2
91,2
口袋,2
朝,2
十晚,2
七,2
摆脱,2
实力,2
窗明几净,2
单纯,2
就餐,2
娱乐,2
业余生活,2
内耗,2
压迫,2
webiosandroid,2
92,2
93,2
周到,2
医保,2
公费旅游,2
提拔,2
010,2
88696392,2
联,2
王老师,2
电子邮箱,2
zsjy2018,2
石景山区,2
中盛佳源,2
94,2
公关,2
webHTML5vueweb,2
96,2
熟识,2
Silverlight,2
叁层,2
SOA,2
webservice,2
ORM,2
Ado,2
解,2
97,2
98,2
TypeScrip,2
选择器,2
auglar,2
101,2
102,2
cSS,2
CSs3,2
G6,2
103,2
104,2
105,2
106,2
Ace,2
Metro,2
NativesScript,2
JSPatch,2
捣鼓,2
谈,2
107,2
108,2
109,2
变革,2
JavaSctipt,2
typeScript,2
110,2
Ja,2
111,2
WebVR,2
112,2
113,2
新建,2
查出,2
114,2
115,2
116,2
117,2
ECG,2
病理,2
119,2
HTML5javascriptjquerycssweb,2
120,2
专病,2
121,2
红棉,2
122,2
iscroll,2
better,2
scroll,2
Fastclick,2
123,2
开拓,2
出任,2
124,2
125,2
wexx,2
BOOTSRAP,2
SafariMozilla,2
127,2
完,2
HIS,2
LIS,2
128,2
129,2
HML5,2
生态系统,2
130,2
131,2
交由,2
诚恳,2
132,2
F12,2
133,2
JQueryEasyUI,2
HTML5JSVueJQueryExtJS,2
134,2
jsvueHTMLCSSW3CAngularReact,2
135,2
PSD,2
136,2
137,2
界,2
面,2
138,2
139,2
140,2
JS0N,2
BootStrip,2
ffebGIS,2
141,2
复杂度,2
142,2
143,2
144,2
145,2
146,2
真诚,2
147,2
药物,2
位置,2
148,2
149,2
vueangulares6,2
富有经验,2
引领者,2
151,2
oa,2
152,2
控制台,2
TCPIP,2
153,2
154,2
155,2
多媒体,2
定位系统,2
即时通讯,2
156,2
Three3D,2
08,2
157,2
管理员,2
轻量化,2
jQueryVueJavaScriptHTML5Css3web,2
158,2
159,2
ext,2
160,2
诚意,2
邀请,2
回,2
Tableau,2
161,2
162,2
163,2
164,2
165,2
166,2
BFF,2
167,2
机动性,2
168,2
QUI,2
dreamweaver,2
TIDB,2
JAVAweb,2
169,2
贯穿,2
HTML5React,2
jsCSSHTML,2
170,2
金融类,2
极为,2
171,2
思灵,2
mvt,2
172,2
javascripet,2
有国网,2
freemarkerHTML5ajax,2
173,2
急聘,2
不管,2
吃,2
海淀,2
丰台,2
西城,2
环保局,2
174,2
马坡,2
安定门,2
HTMLJavaScriptCSSReactjQuery,2
175,2
顺利,2
sigma,2
二维,2
176,2
赋能,2
177,2
178,2
179,2
180,2
核,2
学能,2
181,2
VUE4,2
182,2
183,2
class,2
184,2
185,2
上层,2
Image,2
Hack,2
AJax,2
186,2
2B,2
187,2
自考,2
188,2
应有,2
本质,2
JQueryji,2
苦战,2
189,2
测试环境,2
灰度,2
海,2
量级,2
190,2
读,2
191,2
192,2
复原,2
193,2
194,2
VUEReactHTML5,2
195,2
196,2
内置,2
局限,2
JavaWEBJavaScriptCSS3HTML,2
XHTMLhtml5,2
197,2
198,2
199,2
配套,2
常识,2
重复性,2
容忍度,2
自发,2
201,2
原形,2
尊重,2
202,2
About,2
roleThis,2
Application,2
short,2
company,2
gather,2
incorporating,2
publishing,2
forms,2
bridge,2
between,2
If,2
Senior,2
Tech,2
Lead,2
people,2
then,2
should,2
read,2
onYour,2
responsibilitiesInteract,2
clients,2
various,2
constituencies,2
interpret,2
evaluate,2
technology,2
Write,2
specifications,2
Identify,2
opportunity,2
extensions,2
features,2
bring,2
it,2
assurance,2
ops,2
Evaluate,2
coordinate,2
conversions,2
models,2
translate,2
either,2
configuration,2
Propose,2
using,2
drop,2
page,2
builder,2
sales,2
giving,2
demonstrations,2
assisting,2
RFP,2
responses,2
Potentially,2
present,2
capabilities,2
prospects,2
You,2
degree,2
accredited,2
institution,2
prior,2
hands,2
added,2
advantageMust,2
directly,2
role,2
g,2
analyst,2
architect,2
worked,2
oriented,2
release,2
Hands,2
SQLStrong,2
analytical,2
evidence,2
translating,2
vague,2
actionable,2
itemsExperience,2
techniques,2
methodologies,2
managing,2
initialization,2
completion,2
facing,2
organization,2
collaborate,2
zones,2
issue,2
tracking,2
systems,2
fluent,2
Chinese,2
Mandarin,2
203,2
TypeScript4,2
条理分明,2
204,2
205,2
自然语言,2
图谱,2
词汇,2
H5VUE,2
206,2
系统管理,2
207,2
发开,2
RestAPI,2
WebSo,2
HTML5VUENode,2
208,2
相配合,2
MiniUI,2
struts,2
极高,2
209,2
车险,2
自律性,2
210,2
权衡,2
爱奇艺,2
并会,2
Glup,2
YARN,2
Nest,2
长期保持,2
212,2
信息安全,2
213,2
214,2
精髓,2
webjavaHTML5H5,2
215,2
某个,2
AppCan,2
Apicloud,2
216,2
稿件,2
涉猎,2
布署,2
217,2
JavaScriptVueVSSHtml5,2
218,2
AgularJs,2
形象,2
219,2
220,2
221,2
硬指标,2
222,2
223,2
清除,2
++,2
鉴权,2
224,2
javascriptvue,2
225,2
226,2
227,2
228,2
化上,2
229,2
HTML5H5vuechromegit,2
230,2
安全策略,2
231,2
232,2
bootstrapt,2
webvueweb,2
233,2
初步,2
234,2
业务部,2
wap,2
NA,2
235,2
236,2
html5CSS3Javasc,2
ript,2
ES67,2
237,2
话题,2
HTML5CSS3DOMJavaScriptVueReact,2
238,2
部所辖,2
手脚,2
口碑,2
239,2
按期,2
240,2
241,2
242,2
243,2
opengl,2
很快,2
244,2
码,2
Threejs,2
245,2
246,2
TSP,2
247,2
年收入,2
14.5,2
月工资,2
万左右,2
现金,2
工资总额,2
有薪,2
探亲假,2
慰问品,2
差旅,2
招待费,2
用餐,2
暖心,2
篮球场,2
乒乓球室,2
壁球,2
设施,2
248,2
249,2
250,2
书业,2
仔细,2
八晚,2
公司业绩,2
效益,2
251,2
252,2
253,2
CMP,2
云管,2
254,2
运维中,2
程序修改,2
svn5,2
美工设计,2
255,2
工业化,2
256,2
257,2
编,2
258,2
HtmlCss,2
MozillaIE,2
259,2
测试软件,2
安全软件,2
二线,2
virtual,2
mnv,2
260,2
动向,2
261,2
TypeScript3,2
262,2
263,2
HiCharts,2
264,2
VUEnode,2
265,2
266,2
267,2
268,2
269,2
VUX,2
270,2
SS,2
271,2
272,2
理顺,2
OAuth,2
Cache,2
变通,2
保证体系,2
273,2
水利,2
274,2
275,2
正确理解,2
H5Javascript,2
276,2
springcloud,2
277,2
278,2
vite,2
279,2
遵从,2
280,2
281,2
积极响应,2
练,2
282,2
中国联通,2
3.0,2
283,2
HTML5CSS3Javascript,2
284,2
痛,2
深谙,2
immutable,2
underscore,2
285,2
286,2
偏小,2
287,2
广告投放,2
广告行业,2
288,2
博思,2
财信,2
网络科技,2
主营,2
事业单位,2
新兴产业,2
及富,2
289,2
平衡点,2
缩减,2
290,2
291,2
HTML5H5ReactJS,2
292,2
293,2
mix,2
294,2
合理安排,2
295,2
296,2
Springboot,2
297,2
298,2
299,2
心理素质,2
camera,2
车载,2
无人机,2
分布,2
深圳,2
武汉,2
西安,2
沈阳,2
大连,2
台北,2
香港,2
圣地亚哥,2
合同,2
签订,2
高通,2
东城区,2
贸易中心,2
Flask,2
Amazon,2
Services,2
窗体,2
Redshift,2
UNIX,2
电信,2
无线,2
301,2
老三样,2
皆,2
Mac,2
听说读写,2
米粉,2
或大屏,2
偏执狂,2
Package,2
302,2
拆版,2
遵纪守法,2
品行,2
三项,2
面向用户,2
304,2
错误处理,2
305,2
学位证书,2
jvm,2
MAVEN,2
306,2
307,2
处理事务,2
重复,2
308,2
309,2
310,2
年同,2
vue4,2
echarts5,2
用到,2
uivueechartscsssassleafletwebweb,2
311,2
312,2
HLML,2
313,2
314,2
科及,2
逻辑学,2
内驱力,2
315,2
WebGis,2
316,2
andriod,2
317,2
接收,2
318,2
坚实,2
319,2
nginx7,2
本可,2
320,2
vsCode,2
321,2
轮播,2
下架,2
主推,2
图文,2
322,2
studio,2
ES6HTMLCSSWeb,2
TypescriptAngularJS,2
323,2
324,2
在校,2
reactnode,2
325,2
TypeScripts,2
研读,2
统计分析,2
有运维,2
326,2
327,2
问答,2
定向,2
爬虫,2
328,2
329,2
ruoyi,2
renren,2
330,2
331,2
Visual,2
Studio,2
抗,2
332,2
民教网,2
333,2
即使,2
334,2
335,2
336,2
ezISCS,2
集中供热,2
管廊,2
GoLang,2
337,2
性强,2
基础性,2
338,2
339,2
SprintMVC,2
340,2
341,2
webHTML5web,2
342,2
343,2
本科生,2
javascrip,2
344,2
壮硕,2
供给,2
blog,2
描叙,2
亲和力,2
紧急,2
时间段,2
345,2
DW,2
HTML5CSS3JavaScriptjQueryXMLjson,2
兵棋,2
推演,2
军事,2
仿真,2
346,2
3.3,2
347,2
镶嵌,2
348,2
websockt,2
及运维,2
349,2
嘉实,2
reactweb,2
350,2
351,2
转化成,2
352,2
webVue,2
353,2
HTML5H5java,2
354,2
355,2
356,2
357,2
EChars,2
监管,2
后勤,2
自助,2
羽毛球场,2
358,2
props,2
转,2
359,2
能干,2
平稳,2
core,2
减少,2
mapboxgl,2
探索性,2
361,2
如端,2
362,2
363,2
上限,2
西二旗,2
reactjQueryJavascript,2
364,2
echartsgisNode,2
365,2
366,2
367,2
368,2
打卡,2
十天,2
休息时间,2
满满,2
气氛,2
369,2
RequireJs,2
370,2
371,2
钟,2
372,2
网银,2
现成,2
上下班,2
或多或少,2
373,2
374,2
tab,2
dialog,2
党员,2
375,2
376,2
377,2
vuereactwebpackJavascriptHTMLHTML5CSSCSS3,2
378,2
webH5VueReact,2
379,2
380,2
权益,2
Reactweb,2
381,2
Angluar,2
Ehcart,2
AngularcssEhcart,2
382,2
383,2
384,2
385,2
过三到,2
四个,2
可能性,2
386,2
387,2
388,2
389,2
最炫酷,2
原创,2
个星,2
著名,2
大会,2
借力,2
巨人,2
肩膀,2
热忱,2
发自内心,2
这份,2
390,2
391,2
392,2
393,2
及时处理,2
394,2
多任务处理,2
395,2
传达,2
396,2
397,2
398,2
399,2
EChart5,2
401,2
402,2
403,2
wepack,2
安全可靠,2
运行状况,2
405,2
406,2
JavaScripr,2
分点,2
407,2
JavaScriprt,2
JavaScriprtGISd3,2
jscanvas,2
408,2
409,2
411,2
技,2
412,2
bom3,2
413,2
dubbo,2
分表,2
分库,2
414,2
Vue1,2
415,2
416,2
Reacte,2
Echar,2
HTML5H5cssjs,2
417,2
webGis,2
418,2
419,2
悉,2
420,2
工单,2
421,2
几项,2
PostgreSQL,2
422,2
企业宣传,2
423,2
424,2
426,2
Boostrap,2
理性,2
5.4,2
427,2
428,2
Title,2
CSSs3.0,2
服务项目,2
429,2
力学,2
430,2
431,2
antdesign,2
虚拟,2
DIFF,2
JSX,2
Flux,2
标杆,2
432,2
433,2
434,2
435,2
Elemen,2
HTML5vueH5,2
436,2
抓,2
437,2
循环,2
近几年,2
走向,2
其多,2
IPC,2
通信模型,2
软件工具,2
不断进取,2
438,2
439,2
440,2
441,2
后沙峪,2
442,2
443,2
开创,2
444,2
jqurey,2
携带,2
HTML5CSSjqureyajax,2
445,2
446,2
除外,2
VueX,2
一台,2
rtsp,2
447,2
elmentUI,2
448,2
CSSJS,2
k,2
449,2
450,2
451,2
452,2
453,2
454,2
455,2
如下,2
CSS34,2
美观大方,2
JavaJavascriptCSSDIVHTML5VUEB,2
SWeb,2
456,2
VueJavaScriptCSSNode,2
457,2
可测性,2
458,2
459,2
请假,2
老板,2
常备,2
点心,2
春节假期,2
460,2
Bootstrapt,2
孤僻,2
能力差,2
不予考虑,2
工行,2
打算,2
461,2
462,2
463,2
464,2
465,2
WebScoket8,2
466,2
CSS4,2
图元,2
VUEHTML5CSS,2
467,2
及编,2
469,2
KHTML,2
Aiax,2
ASS,2
引,2
470,2
用户端,2
发送,2
听话,2
勤快,2
471,2
应变能力,2
有人,2
价格,2
单身公寓,2
472,2
截图,2
473,2
WebH5VUEJS,2
474,2
蓝宗,2
电子科技,2
上海市浦东新区,2
475,2
476,2
477,2
478,2
病房,2
IOT,2
最求,2
479,2
elemnetUI,2
480,2
481,2
ReactdeJS,2
482,2
过硬,2
Nods,2
483,2
3.1,2
webpack5,2
yarn6,2
cli37,2
484,2
desgin,2
HTML5CSS3react,2
485,2
惠普公司,2
外企,2
专有,2
486,2
噢,2
487,2
488,2
489,2
flow,2
490,2
491,2
WEEX,2
NATIVE,2
492,2
493,2
VUE2,2
494,2
coredova,2
配色,2
P,2
495,2
496,2
497,2
控台,2
JavascriptvueH5,2
498,2
499,2
datatable,2
LED,2
全彩屏,2
情报,2
板,2
路灯,2
用户手册,2
JavaScriptNode,2
502,2
钱包,2
503,2
504,2
Amaze,2
505,2
上机,2
测试题,2
506,2
开放平台,2
如小,2
控到,2
跨组,2
507,2
Responsible,2
completing,2
Front,2
timely,2
manner,2
by,2
user,2
Quick,2
provide,2
developers,2
prepare,2
complete,2
Coordinate,2
system,2
Provide,2
supports,2
along,2
roll,2
out,2
Diagnose,2
solve,2
problems,2
current,2
systemRequired,2
Relevant,2
At,2
proficiency,2
latest,2
Solid,2
Strong,2
sense,2
responsibility,2
self,2
motivation,2
details,2
positive,2
attitudePreferred,2
Expertise,2
following,2
Own,2
personal,2
508,2
509,2
连尚,2
文学,2
sdk,2
提,2
510,2
vueangularreactUI,2
512,2
513,2
平安,2
外包,2
5.14,2
专场,2
周内入,2
职,2
通畅,2
514,2
515,2
租赁,2
516,2
《,2
〉,2
六条,2
三到,2
517,2
措建,2
栈为,2
如若,2
518,2
Htm,2
CHart,2
519,2
关端,2
520,2
千里马,2
一颗,2
上进,2
主力军,2
年轻人,2
云止,2
抬头,2
js5,2
521,2
522,2
523,2
vuet,2
524,2
Laydate,2
lazyLoad,2
Swiper,2
fullPage,2
正则表达式,2
JSONP,2
525,2
既,2
年薪,2
526,2
HTMLCSSJAVASCRIPTVUE,2
527,2
Javascriot,2
Aja,2
webpac,2
528,2
原,2
529,2
530,2
wordpress,2
531,2
532,2
参照,2
儿化,2
儿,2
533,2
534,2
gulp5,2
535,2
536,2
537,2
538,2
宝山,2
EchartsJavaScriptXMLHTML5,2
539,2
适度,2
熟练程度,2
540,2
寻觅,2
忠诚,2
天马行空,2
脚踏实地,2
公平合理,2
重磅,2
八小时,2
541,2
越冠,2
于物,2
半导体,2
太平洋,2
领导者,2
HTLM5,2
直接,2
商务,2
稳健,2
Ethernet,2
Profinet,2
H,2
单片机,2
PLC,2
通信接口,2
RS232,2
RS485,2
LAN,2
I2C,2
SPI,2
I,2
其余,2
为加,2
意味着,2
大军,2
水,2
客户群,2
出谋划策,2
回报,2
骨干,2
拼搏精神,2
首轮,2
研发部,2
访谈,2
WebJava,2
542,2
怍,2
Dlv,2
右转,2
二楼,2
2229,2
543,2
解释,2
提问,2
544,2
vuevuejs,2
545,2
546,2
547,2
548,2
react3,2
549,2
550,2
551,2
两者,2
文字,2
552,2
553,2
554,2
555,2
556,2
Responsibility1,2
对内,2
Qualification,2
557,2
layui6,2
558,2
天真,2
蓝,2
559,2
功能化,2
560,2
可管理性,2
存储系统,2
在校学生,2
须,2
httpd,2
561,2
2d,2
562,2
MVM,2
小城,2
563,2
三种,2
564,2
565,2
生态环境,2
CSSES6ReactVue,2
566,2
567,2
布局调整,2
569,2
570,2
571,2
意义,2
572,2
573,2
574,2
传声,2
最初,2
2010,2
办公室,2
EVOX2.0,2
575,2
发表,2
ria,2
限量,2
饮品,2
徐汇,2
吃喝玩乐,2
576,2
577,2
578,2
『,2
』,2
postgre,2
入库,2
导出,2
数据备份,2
恢复,2
579,2
编写程序,2
580,2
闵行,2
浦江镇,2
火车站,2
581,2
582,2
幅度,2
新人奖,2
贡献奖,2
团体活动,2
精彩,2
嘉定区,2
1555,2
出站,2
CSSCSS3,2
583,2
画面,2
584,2
充分发挥,2
创造性,2
变为,2
被,2
申请人,2
巨大,2
成就感,2
投送,2
以便,2
如对,2
样本,2
隐,2
MS,2
Word,2
PDF,2
近照,2
发送到,2
hr,2
csbucn,2
均会,2
均等,2
585,2
586,2
587,2
588,2
589,2
590,2
591,2
Wepy,2
Loader,2
592,2
适应性,2
593,2
喜爱,2
594,2
ColorUI4,2
hBuild,2
595,2
596,2
InELN,2
实验,2
记录本,2
InDraw,2
结构式,2
InCMS,2
化合物,2
InWMS,2
试剂,2
库存,2
搜寻,2
艰苦奋斗,2
今天,2
明天,2
最低,2
因为,2
坦诚,2
JavascriptjQueryCSSHTML,2
工具软件,2
597,2
中将,2
598,2
开,2
发,2
快消,2
599,2
600,2
本职工作,2
601,2
602,2
10K,2
20K,2
至晚,2
享,2
牛,2
掰,2
四射,2
精心,2
佳节,2
每季,2
603,2
事业部,2
凭借,2
各区,2
教育局,2
高校,2
职校,2
充满活力,2
开放性,2
前行,2
永不,2
停歇,2
604,2
vuewen,2
605,2
oms,2
阳光,2
WEBvuecanvascss,2
606,2
或能,2
VUEjava,2
607,2
608,2
609,2
610,2
习惯于,2
闸北区,2
永和,2
27k,2
611,2
612,2
ember,2
613,2
614,2
开端,2
相,2
615,2
616,2
坚持不懈,2
cvs,2
江浙沪,2
一带,2
617,2
无人驾驶,2
车,2
618,2
vueAngularjs,2
619,2
更迭,2
与时俱进,2
HTML5CSS3JavaScriptvue,2
620,2
程序界面,2
超文本,2
标记,2
消息中间件,2
ROS,2
621,2
Fiddler9,2
622,2
623,2
脾气好,2
624,2
625,2
626,2
627,2
628,2
其一,2
托放有,2
629,2
理由,2
通力协作,2
管理者,2
630,2
主导产品,2
共同提高,2
631,2
632,2
IP2,2
及系,2
统,2
pack,2
新框,2
概率,2
定架,2
位,2
执,2
行力,2
633,2
634,2
Angularjs2,2
635,2
修图,2
改,2
automation,2
智能家居,2
建筑行业,2
636,2
VueHTML5,2
637,2
Overview,2
We,2
looking,2
Aspen,2
Unified,2
Development,2
maintenance,2
interfaces,2
componentsContribute,2
designs,2
cases,2
Microsoft,2
WPF,2
3rd,2
technologiesWork,2
Customer,2
regarding,2
issuesWork,2
Quality,2
group,2
testingAdhere,2
standard,2
such,2
life,2
cycle,2
proceduresBe,2
playerQualifications,2
Majored,2
Computer,2
Science,2
Engineering,2
who,2
can,2
program0,2
Aurelia,2
AngularExperience,2
plusDemonstrated,2
history,2
well,2
groups,2
matrix,2
environmentGood,2
skillsQuick,2
learner,2
embrace,2
changes,2
638,2
直至,2
639,2
BIMFACE,2
640,2
641,2
ECS5,2
ECS6,2
compass,2
642,2
reactnodejscssweb,2
643,2
644,2
Fluuter,2
HTMLCSSTypeScript,2
645,2
646,2
CSSHTMLW3CVueHTTP,2
647,2
648,2
全日,2
649,2
webHTML5vuejscssReactAugularJava,2
650,2
Php,2
务,2
651,2
Case,2
RootCause,2
块,2
多方,2
webHTML5react,2
652,2
653,2
654,2
nuxt,2
threejs,2
655,2
四六级,2
656,2
函数库,2
商用,2
threeJS,2
bpmnJS,2
657,2
angularjs4,2
gulp7,2
658,2
某种,2
程序结构,2
659,2
可视,2
维持,2
例行,2
以后,2
660,2
HTML5UI,2
661,2
师,2
潜力,2
bootstrapjavaQuery,2
662,2
线中,2
UIcss,2
663,2
664,2
SYSTEX,2
论,2
2025,2
经销商,2
DMS,2
品控,2
转型,2
专业化,2
EKB,2
jquerymobile,2
HTML5CSS3JavaScript,2
665,2
666,2
东吴,2
招募,2
券商,2
667,2
小型,2
weui,2
668,2
二类,2
composition,2
CSR,2
uglify,2
导入,2
防抖,2
对话,2
669,2
670,2
漕河泾,2
桂平路,2
671,2
672,2
OMS,2
从中,2
挑选出,2
673,2
Elements,2
H5fluttervuecss,2
674,2
675,2
来谈,2
中午,2
有顿,2
676,2
bootstrapivewElementUiNodeJsVueAngular,2
677,2
juery,2
ohif,2
678,2
679,2
选定,2
已知,2
爱岗敬业,2
怀揣,2
680,2
美学,2
681,2
稿切,2
时请,2
自带,2
682,2
Javascipt,2
tcp,2
轻量级,2
rest,2
vs,2
683,2
684,2
畅通,2
科学城,2
落户,2
科研人员,2
缩短,2
加速,2
积分,2
优惠,2
685,2
686,2
己任,2
共同进步,2
687,2
潜在,2
荣誉感,2
JavaScriptHTML5CSS3VueReactPythonJavaNodeJS,2
688,2
SSM,2
689,2
690,2
webJSVUE,2
691,2
692,2
建造,2
693,2
亦,2
恺,2
捕捉,2
诚邀,2
694,2
glue,2
vuees6Ionicweb,2
695,2
维度,2
初始,2
Unity,2
Cocos2d,2
Layabox,2
薪水,2
媲美,2
真正,2
养老,2
失业,2
工伤,2
高逼格,2
阶梯,2
上升,2
宽敞明亮,2
超一流,2
人体工学,2
椅,2
娱乐活动,2
轰,2
趴,2
野炊,2
交流会,2
自助餐,2
神秘,2
值得,2
JavascriptAJAXHTMLCSSTypescript,2
696,2
ReactVueHTML5web,2
697,2
698,2
SVG4,2
699,2
700,2
充足,2
701,2
旧,2
702,2
应届生,2
建研,2
构力,2
703,2
704,2
705,2
契约,2
706,2
HiChart,2
707,2
bootstrip,2
或同,2
708,2
709,2
技术升级,2
710,2
一切,2
艺术类,2
拍卖,2
鉴定,2
712,2
产品升级,2
hbuilder,2
有响,2
gitlab,2
713,2
步骤,2
全部,2
测试代码,2
验收,2
714,2
采取,2
纠偏,2
措施,2
估算,2
PMP,2
华为,2
715,2
覆盖率,2
716,2
教育软件,2
工地,2
两项,2
717,2
cli3,2
需求方,2
Hooks,2
半年度,2
多劳多得,2
宽度,2
718,2
慎,2
雨花台,2
719,2
攻坚能力,2
720,2
精练,2
高和易,2
webpack7,2
721,2
贸易,2
进出口,2
722,2
订单,2
MPA,2
723,2
724,2
725,2
英众,2
六联,2
母公司,2
亚太区,2
base,2
有前,2
时如能,2
726,2
理科,2
其他人,2
727,2
出色完成,2
问,2
728,2
嵌,2
vueFlutterreactHTML5,2
729,2
数据中心,2
doT,2
tmpl,2
artTemplate,2
baiduTemplate,2
异地,2
居家,2
当地,2
730,2
webVuereactHTML5H5,2
731,2
732,2
vueRouter,2
733,2
压,2
734,2
需学,2
信网,2
可查,2
webGl,2
735,2
ES64,2
公正,2
多年,2
一群,2
拼敢,2
玩,2
营造,2
webH5React,2
CSS3ES6AngularJS,2
736,2
图像,2
span,2
737,2
CSS3HTML5,2
httphttps,2
javaHTML5H5,2
738,2
解码,2
ActionScript,2
739,2
过物,2
靠谱者,2
740,2
Improvement3,2
学习业务,2
需向,2
Angular2.0,2
SessionStoarge,2
序列化,2
GITHUB,2
Angular4,2
WEBRTC,2
MSE,2
video,2
flv,2
angularHTML5cssvuereact,2
741,2
742,2
reacts,2
babylon,2
743,2
744,2
构造,2
要点,2
DirectX,2
图形库,2
745,2
CSSH5,2
746,2
747,2
jsq,2
jQeury,2
CommonJs,2
748,2
NIO,2
同步,2
Netty,2
749,2
750,2
751,2
eg,2
班,2
7.5,2
工作日,2
如年,2
文艺,2
汇演,2
羽毛球,2
752,2
HTTP1,2
753,2
KOA,2
MQ,2
服务器软件,2
组网,2
MODBUS,2
754,2
Review3,2
寻找,2
ReactJSde,2
工程项目,2
埋点,2
755,2
756,2
时序,2
举一反三,2
757,2
Html3,2
Design4,2
vueJavascriptCssHtml,2
758,2
高标准,2
759,2
方便,2
Vue4,2
760,2
养成,2
排期,2
蓝湖,2
hbuild,2
cnpm,2
761,2
专科毕业,2
Element8,2
762,2
763,2
764,2
765,2
孜孜不倦,2
JSJQuery,2
766,2
Webapp,2
CSSHTMLJS,2
767,2
768,2
能画,2
图加,2
769,2
创意设计,2
审美观念,2
工作勤奋,2
770,2
uin,2
Rx,2
771,2
解释性,2
772,2
typescript4,2
773,2
澎博,2
774,2
vuewebpackelement,2
uiaxiostypescripthybrid,2
775,2
数理,2
交纳,2
3P,2
Person,2
考核,2
每位,2
国定,2
卡,2
举行,2
岗位培训,2
图书,2
御桥,2
776,2
vueH5web,2
777,2
778,2
file,2
socket,2
git9,2
fastclick,2
iScroll,2
加解密,2
摘要,2
779,2
开发资源,2
ztree,2
树,2
iframe,2
进度条,2
爆发,2
能量,2
安于现状,2
欢乐,2
不间断,2
780,2
781,2
782,2
type,2
783,2
需为,2
784,2
html53,2
785,2
786,2
HTMLCSSJavaScriptReact,2
787,2
ElementUi,2
勇于创新,2
788,2
789,2
最后,2
期限,2
790,2
H5Vue,2
791,2
792,2
793,2
QData,2
WebH5CSSes6,2
794,2
Sever,2
795,2
XHRML,2
webJavascriptPHP,2
796,2
专利,2
简单化,2
797,2
络,2
追究,2
探究,2
798,2
799,2
VUE2.0,2
紧张,2
时期,2
800,2
功关,2
801,2
互联网站,2
H5ext,2
jsvueangular,2
JSCSSAjax,2
802,2
803,2
804,2
805,2
高可靠性,2
JSCSS,2
劳动法,2
806,2
Review,2
交通路线,2
打浦桥,2
807,2
unity,2
表现形式,2
808,2
跟随,2
较浅,2
同学,2
适用范围,2
809,2
810,2
FrozenUI,2
MINIui,2
Struts,2
Security,2
811,2
两家,2
礼遇,2
实业,2
与鹤家,2
生活用品,2
母婴,2
贝立安,2
Nuby,2
ACA,2
北美,2
电器,2
康宁,2
卡帝乐,2
鳄鱼,2
售后服务,2
航空公司,2
诚信为本,2
为诚,2
基本保障,2
各式各样,2
全体,2
寄语,2
祝福,2
近铁,2
真,2
官僚,2
气息,2
只有,2
朋友,2
齐心协力,2
天花板,2
一直,2
相信,2
宝贵,2
花,2
吸引,2
输送,2
优秀人才,2
职业生涯,2
每,2
格调,2
们,2
大家庭,2
得,2
812,2
嗅觉,2
ie11,2
狂热,2
使命感,2
813,2
814,2
reactive,2
815,2
EmberJS,2
816,2
817,2
818,2
819,2
AngulSar,2
820,2
CSS32,2
821,2
本人,2
不住,2
户口,2
822,2
适用性,2
823,2
reactreactjs,2
824,2
真实有效,2
825,2
826,2
827,2
828,2
829,2
830,2
分配率,2
VUEAngularWebGLThree,2
831,2
832,2
parceljs,2
Firework,2
嘉汇,2
833,2
中等,2
毕,2
箭头,2
show,2
me,2
your,2
可非,2
834,2
维宏云,2
积极思考,2
爱岗,2
个人行为,2
时能,2
835,2
Shopify,2
liquid,2
836,2
BootSrap,2
适时,2
上海浦东新区,2
837,2
excel,2
ppt,2
别人,2
webJSHTML,2
CSSAngularJS,2
838,2
急招,2
不要,2
839,2
Remax,2
840,2
温馨,2
webH5,2
841,2
webjs,2
842,2
openui5,2
ui5,2
npmjs,2
sap,2
open,2
fe,2
List,2
Object,2
Page,2
Debug,2
UI5,2
初筛,2
工作日内,2
通知,2
843,2
844,2
构图,2
XP,2
良好氛围,2
845,2
共识,2
846,2
847,2
jsAngularJSweb,2
848,2
849,2
vuejsue,2
routeruex,2
Viewui,2
850,2
铁路信号,2
851,2
最前沿,2
umi,2
电力系统,2
长宁区,2
中山西路,2
SOHO,2
3.4,2
虹桥,2
宋园,2
远景,2
上五休,2
852,2
不停,2
虚心学习,2
意志力,2
坚强,2
853,2
854,2
Simon,2
855,2
一块,2
856,2
大脑,2
Vu,2
857,2
858,2
Echars,2
baiduMap,2
859,2
860,2
调,2
优等,2
疑难,2
代码生成,2
增删,2
改查,2
861,2
862,2
账号,2
863,2
CET,2
HTMLCSSJavascriptvue,2
864,2
根绝,2
和解,2
所带,2
关,2
系统性,2
865,2
866,2
867,2
868,2
869,2
Avue,2
UICSS3Webpack,2
870,2
871,2
当中,2
872,2
873,2
Avalon,2
874,2
vueHTML5CSS3SassES6,2
875,2
机电工程,2
广电,2
一级,2
二级,2
建造师,2
电气专业,2
中高级,2
电工,2
木工,2
电焊工,2
管道工,2
技工,2
签订合同,2
主体,2
迪爱斯,2
本部,2
876,2
877,2
878,2
审计,2
879,2
880,2
AngularJS1,2
Asp,2
一度,2
过节费,2
881,2
驻地,2
882,2
[,2
],2
请发,2
jobs,2
atyun,2
021,2
58826282,2
HTMLCSSJavascriptHTML5H5vue,2
883,2
884,2
sample,2
信令,2
Chromium,2
885,2
4.0,2
网络管理,2
等物,2
云等云,2
886,2
postcss,2
mpvue7,2
887,2
888,2
Elementui,2
api5,2
889,2
apis,2
890,2
891,2
龙华,2
中路,2
htmldivcssjavascriptjquery,2
推荐奖,2
892,2
893,2
SasS,2
894,2
895,2
图形处理,2
896,2
897,2
在乎,2
898,2
聊天,2
webpack6,2
899,2
JSCSS3REACTVUE,2
901,2
saaa,2
902,2
理财,2
903,2
904,2
905,2
906,2
导航,2
守卫,2
webpack3,2
907,2
求真,2
求新,2
迅捷,2
全力以赴,2
908,2
u30003,2
909,2
910,2
911,2
912,2
保险行业,2
保全,2
理赔,2
核保,2
承保,2
913,2
914,2
相互协作,2
915,2
Shader,2
贴图,2
916,2
Groovy,2
JavascriptJqueryReact,2
917,2
赛图,2
918,2
919,2
920,2
过高德,2
警用,2
集成系统,2
921,2
HTML5CSS3ECMAScript6,2
W3CWeb,2
qulp,2
922,2
923,2
少有,2
EMBERJS,2
REACTJS,2
BACKBONE,2
DOJO,2
924,2
熟练度,2
925,2
规避,2
‘,2
月薪,2
仅供参考,2
候选人,2
926,2
始终保持,2
饱满,2
927,2
O2O,2
Angular3,2
O2Ojava,2
928,2
讲,2
Servlet,2
929,2
930,2
代销,2
分割,2
对线,2
反映,2
931,2
搜索引擎,2
规律,2
SCRIPT,2
Audio,2
Worker,2
杨浦区,2
国权,2
1688,2
B1,2
搬,2
徐家汇,2
932,2
933,2
Angualr,2
934,2
JSHTTPES6echartAntd,2
935,2
Reactjs2,2
936,2
script.2,2
chromeDevTools,2
937,2
方法论,2
走读,2
938,2
939,2
940,2
941,2
942,2
法则,2
943,2
944,2
945,2
透过,2
946,2
947,2
海瑞,2
际,2
全资,2
控股,2
将要,2
迁,2
青浦区,2
中建,2
锦绣,2
948,2
949,2
950,2
时需,2
951,2
952,2
mbox,2
953,2
质量标准,2
954,2
茶点,2
boss,2
vueelement,2
uiuniappmpvuetaro,2
955,2
956,2
957,2
958,2
按量,2
包容,2
959,2
web3D,2
960,2
VUEreact,2
961,2
962,2
变现,2
敏锐性,2
紧跟,2
Fis3,2
963,2
最少,2
964,2
requireJS,2
965,2
交予,2
系统结构,2
966,2
967,2
觅,2
知网,2
领军者,2
35W,2
实干精神,2
OpenGL4,2
Rust,2
论资排辈,2
说话,2
多次,2
坐标,2
康新,2
968,2
力及,2
JSthree,2
969,2
VueJavaScriptrem,2
970,2
971,2
VUEPC,2
972,2
7K,2
14K,2
HTML5CssVueSVN,2
973,2
借助,2
字典,2
974,2
艺术,2
HTML5webpack,2
975,2
01,2
02,2
异常,2
03,2
05,2
976,2
网络拓扑,2
977,2
之中,2
主程,2
调动,2
BIMGIS,2
978,2
webHTML5cssvuereactwebpack,2
979,2
980,2
981,2
requriejs,2
982,2
983,2
FF,2
984,2
986,2
987,2
988,2
989,2
990,2
991,2
UniApp,2
跨屏,2
微商,2
端微,2
HTML5H5VUEUniApp,2
992,2
端切,2
图及,2
很大,2
993,2
除主,2
技术细节,2
书,2
谦虚,2
994,2
JavascriptHTMLCSSAngularJSBootstrapjQuery,2
995,2
graphql,2
Docker,2
997,2
ES8,2
Event,2
Loop,2
pro,2
副作用,2
注明,2
998,2
更快,2
999,2
新型,2
事务,2
OOD,2
控制软件,2
netframework,2
web3d,2
sqlserver,2
1001,2
跑步,2
过后,2
VueJQueryReactAngular,2
1002,2
frameworks,2
Knockout,2
嵌入,2
低端,2
1003,2
1004,2
店铺,2
操作能力,2
淘宝,2
天猫,2
1005,2
Description,2
UIWebView,2
WKWebView,2
grid,2
Hybride,2
jqueryMobile,2
TB,2
经费,2
夏日,2
特饮,2
等等等等,2
柜,2
咖啡机,2
reactH5,2
1006,2
周松,2
1007,2
BPOS,2
fis3,2
sqlite,2
1008,2
生动,2
多样,2
说出,2
HEADER,2
字段,2
BODY,2
WebAPP,2
webHTML5CSS3Javascriptvue,2
1009,2
网络层,2
1010,2
罗辑,2
Angularweb,2
1011,2
变量,2
前有,2
SESS,2
头条,2
1012,2
egret,2
phaser,2
create,2
1013,2
借口,2
程序包,2
有安卓,2
vuejQuery,2
1014,2
Mercurial,2
强力,2
愿望,2
1015,2
资源管理,2
thymeleaf,2
1016,2
调查,2
1017,2
干净,2
1018,2
1019,2
PHPdeJS,2
1020,2
1021,2
6000,2
12000,2
1022,2
切勿,2
盲目,2
跟风,2
1023,2
HTML5CSSAPP,2
1024,2
大科及,2
1025,2
1026,2
突出者,2
JSangularvuePHPweb,2
1027,2
Charles,2
1028,2
友好用户,2
1029,2
平面,2
什么,2
深耕,2
费控,2
管理层,2
降,2
核算,2
助手,2
带来,2
极速,2
畅快,2
四大,2
先后,2
正和岛,2
Recruit,2
京东,2
紫竹,2
高新产业,2
现已,2
家,2
化繁为简,2
降本增效,2
哪里,2
耀元路,2
黄浦江,2
er,2
赏景,2
内心,2
是否,2
酷毙,2
苦,2
逼,2
还是,2
惬意,2
当,2
白领,2
螺丝钉,2
Life,2
Balance,2
所谓,2
小资,2
ownership,2
臭味相投,2
参与者,2
以一当十,2
心理准备,2
照顾,2
同伴,2
情绪,2
歇,2
收获,2
足以,2
征服,2
自由,2
志同道合者,2
HTML5CSS3JavaScriptjQueryReactJSGit,2
1030,2
1031,2
集群,2
1032,2
塑料机械,2
1033,2
1034,2
1035,2
1036,2
ECMA,2
1037,2
电气工程,2
愿景,2
初创,2
1038,2
react2,2
默认,2
委托,2
1039,2
1040,2
终生,2
奋斗目标,2
甚至,2
超出,2
ane,2
sass4,2
1041,2
Diff,2
1042,2
独有,2
intel,2
idea,2
JavascriptJQueryvueJS,2
1043,2
地铁口,2
节假,2
婚,2
丧,2
通通,2
父母,2
十三,2
保值,2
升值,2
成家立业,2
人才培养,2
出国深造,2
后备,2
周年,2
庆,2
总有,2
菜,2
路径,2
无限,2
1044,2
兴趣爱好,2
1045,2
评审会,2
及早,2
中和线,2
高出,2
同行业,2
重样,2
晚班,2
下班,2
车费,2
商业区,2
帅哥美女,2
单身,2
1046,2
1047,2
间通信,2
1048,2
交易所,2
1049,2
1050,2
1051,2
祝贺,2
1052,2
wibkit,2
webservices,2
1053,2
web3j,2
uniswap,2
compound,2
MarkeDAO,2
defi,2
token,2
代币,2
1054,2
1055,2
框架结构,2
稳重,2
1056,2
1057,2
若有,2
商超,2
购物中心,2
百货,2
澄清,2
参考,2
1058,2
thingjs,2
web2.0,2
1059,2
嘉定,2
外冈,2
厂区,2
书吧,2
咖啡厅,2
放松,2
1060,2
1061,2
服务奖,2
1062,2
1063,2
1064,2
Sencha,2
Touch,2
性别,2
12K,2
1066,2
Product,2
Owner,2
Project,2
Manager,2
Designer,2
Component,2
Storybook4,2
Quasar5,2
介接,2
RWD,2
控制指令,2
串接,2
Debug5,2
维运,2
Nice,2
Component2,2
名及,2
HTML5JavaScriptVue,2
1067,2
1068,2
1069,2
1070,2
自动测试,2
1071,2
Marionette,2
PowerShell,2
节点,2
c#,2
javascripttypescript,2
1072,2
web3.0,2
BackboneJS,2
wobpack,2
1073,2
本地化,2
PaaS,2
go,2
Javasript,2
当下,2
攻防,2
1074,2
1075,2
15k,2
1076,2
1077,2
1078,2
用车,2
TMC,2
商旅,2
踏青,2
中秋,2
端午,2
劳动节,2
还会,2
精英,2
身上,2
互帮互助,2
幸福,2
争做,2
争取,2
1079,2
Zeptojs,2
videojs,2
MSSQL,2
1080,2
下面,2
1081,2
1082,2
recact,2
htm5,2
1083,2
1084,2
五到,2
八年,2
1085,2
1086,2
Xcode,2
Good,2
Myinsights,2
SDLC,2
辖区,2
拜访,2
1087,2
commonJs,2
1088,2
约定,2
JavaScriptReact,2
1089,2
1090,2
1091,2
Jquey,2
近乎,2
苛刻,2
司法,2
1092,2
ReactAngularAntDesign,2
1093,2
HTML5JavaScriptCSS3JQueryBootstrap,2
1094,2
HTML5SaaS,2
1095,2
1096,2
股,2
1097,2
诱惑,2
技术主管,2
评测,2
1098,2
reivew,2
韧劲,2
1099,2
1100,2
Iscroll,2
局部,2
滚动,2
栅格,2
1101,2
视频会议,2
ｋ,2
Ｍ,2
ｘ,2
T,2
ｙ,2
Ｒ,2
Ｃ,2
V,2
ｕ,2
1102,2
字节,2
跳动,2
1103,2
webvueH5web,2
1104,2
具务,2
1105,2
Javaweb,2
1106,2
1107,2
能快,2
ReactHTML5CSS3Javascript,2
1108,2
2018,2
带过,2
人及,2
遗留,2
vuepress,2
心理,2
承受能力,2
1109,2
oauth2.0,2
个人见解,2
有车,2
1110,2
1111,2
amd,2
cmd,2
commonjs,2
H5VueReact,2
1112,2
sketch,2
1113,2
1114,2
1115,2
1116,2
1117,2
NODEJS,2
1118,2
划分,2
网络攻击,2
1119,2
1120,2
webvueHTML5,2
1121,2
协,2
1122,2
AR,2
1123,2
Material2,2
IndexedDB,2
1124,2
游学,2
ts,2
1125,2
测试方法,2
对视,2
效,2
1126,2
及能,2
SM,2
系统故障,2
触发器,2
初,2
作者,2
1127,2
asp,2
HTML5javavuejs,2
1128,2
准备,2
1129,2
交割,2
1130,2
1131,2
及大,2
数据量,2
编模,2
1132,2
JFinal,2
1133,2
webpake,2
HTML5vuewebH5,2
1134,2
1135,2
交易平台,2
1136,2
猪脸,2
预见性,2
1137,2
总结经验,2
Vue5,2
Java7,2
1138,2
1139,2
1140,2
侧,2
扩大,2
辅助工具,2
闵行区,2
莲花,2
南路,2
1500,2
webHTML5CSSJSLINUXNginx,2
1141,2
要会,2
jade,2
1.00,2
1142,2
重载,2
递归,2
加工,2
过滤,2
WordPress,2
Joomla,2
1143,2
1144,2
HTML5echarts,2
1145,2
1146,2
1147,2
1148,2
1149,2
Javascrip,2
1150,2
1151,2
1152,2
1153,2
1154,2
1155,2
1156,2
XD,2
1157,2
VueElementHTML5CSS,2
1158,2
数学知识,2
工控,2
1159,2
纯,2
1160,2
1161,2
1162,2
webHTML5H5vue,2
1163,2
优良,2
1164,2
遨游,2
1165,2
库类,2
情商,2
某项,2
引以为傲,2
职场,2
骚能,2
撩,2
标配,2
撸,2
猫,2
高颜值,2
不忘,2
初心,2
方得,2
1166,2
绘,2
虹口区,2
赤峰,2
日班,2
速速,2
1167,2
JavaScriptde,2
de,2
KISSY,2
1168,2
CSSJavascriptVueX,2
1169,2
智能网,2
联及,2
驾驶,2
1170,2
ExtJs6,2
1171,2
搭设,2
1172,2
1173,2
1174,2
精简,2
火狐,2
信托,2
javascripthtmlvue,2
1175,2
skecth,2
组态,2
坚韧,2
松江区,2
贤路,2
webpackJavaScriptHTML5,2
1176,2
总体,2
Angulars,2
1177,2
会切,2
制作人员,2
URI,2
明,2
safari,2
特有,2
1178,2
诚实可靠,2
1179,2
devtools,2
1180,2
觉,2
1181,2
1182,2
RIA,2
javascriptcss,2
UIHTML5H5,2
1183,2
熟悉业务,2
koa,2
代码运行,2
1184,2
1185,2
以上者,2
1186,2
1187,2
创新性,2
精力,2
深挖,2
从容应对,2
未,2
文本编辑,2
Quill,2
TinyMCE,2
VueReactAngularJSCSSHTML,2
1188,2
技术科,2
SCADA,2
前往,2
精炼,2
springmvc,2
Jsp,2
1189,2
1190,2
录取者,2
这是,2
爽约,2
造假,2
面临,2
投诉,2
辞退,2
JavaScriptHTMLCSSVueReactJQuery,2
1191,2
1192,2
javascript3,2
技术部,2
sequelize,2
k8s,2
1193,2
1194,2
1195,2
每隔,2
段时间,2
1196,2
1197,2
1198,2
后期制作,2
强有力,2
Egg,2
某一方面,2
1199,2
vuex5,2
echarts8,2
1200,2
1201,2
1202,2
ie8,2
配用,2
以外,2
1203,2
1204,2
VX,2
1205,2
1206,2
1207,2
1208,2
arcgis,2
1209,2
1210,2
1211,2
1212,2
轻,2
资管,2
UIVueAngularjsReact,2
1213,2
刨根问底,2
HTML5vuereactangularjavascripttypescript,2
1214,2
LAYUI,2
1215,2
石油化工,2
电网,2
1216,2
1217,2
1218,2
在内,2
1219,2
1220,2
知音,2
基层,2
撮合,2
陪,2
哺乳,2
座谈会,2
1221,2
社会保障,2
参观,2
雇主,2
担保,2
永久,2
居住权,2
移民,2
除新,2
华人,2
新闻,2
澳大利亚,2
悉尼,2
时差,2
相差,2
便于,2
美年,2
1222,2
Angula,2
程序调试,2
1223,2
取暖,2
1224,2
掌握业务,2
外资企业,2
多样性,2
加薪,2
春游,2
秋游,2
多多,2
Webvuereact,2
1225,2
会以,2
1226,2
驾驭能力,2
1227,2
绿地,2
锦峰,2
2307,2
1228,2
1229,2
出具,2
CET4,2
gitee,2
保有,2
webHTML5vue,2
1230,2
JSON1,2
1231,2
Nignx,2
编排,2
建设者,2
1232,2
1233,2
IAAS,2
资格证,2
1234,2
1235,2
1236,2
像,2
1237,2
公共服务,2
e2e,2
守护,2
Mock,2
铁路,2
reactJavascriptAjax,2
JSONGit,2
1238,2
1239,2
交换机,2
IN,2
1240,2
1241,2
上报,2
疑问,2
专等,2
从业者,2
1242,2
姓,2
1243,2
具体实施,2
JSO,2
N,2
Fetch,2
一页,2
React4,2
1244,2
H5app,2
uniappweb,2
1245,2
经有,2
1246,2
1247,2
昆明,2
州市,2
illustrator,2
Coreldrew,2
1248,2
1249,2
1250,2
1251,2
1252,2
UNIAPP,2
轨迹,2
周六,2
单休,2
成华区,2
建设路,2
东城,2
1701,2
1253,2
OFFICE,2
1254,2
职称,2
HighCharts,2
必备条件,2
随和,2
1255,2
antDesign2,2
antV,2
VUE3antDesign2,2
xechartantV,2
1256,2
1257,2
书写能力,2
适时地,2
1258,2
HTMIL5,2
简要,2
双薪,2
上岗,2
1259,2
1260,2
1261,2
1262,2
factory,2
proxy,2
1263,2
自营,2
严格执行,2
多种语言,2
多种类型,2
1264,2
HTMLCSSJavaScriptJQueryMysql,2
1265,2
andorid,2
附,2
之前,2
专业人才,2
1266,2
不符,2
FLV,2
RTSP,2
1267,2
windows,2
netstat,2
top,2
Zabbix,2
Devops,2
Jenkins,2
1269,2
本校,2
有意,2
代码执行,2
感受,2
1270,2
把关,2
FIS3,2
GULP,2
1271,2
1272,2
只,2
茫茫,2
有狼性,2
同样,2
带给,2
篇,2
股票,2
1273,2
1274,2
迈特,2
尔,2
沃思,2
测控,2
javaHTML5WebSocketCSS3,2
1275,2
JQueryMobile,2
ZRender,2
西芯,2
号汇,2
园,2
期,2
1276,2
1277,2
saga,2
Monogo,2
vi,2
1278,2
BEM,2
1279,2
snap,2
1280,2
1281,2
重,2
H5HTML5vuecssw3cjQuery,2
1282,2
资格证书,2
1283,2
1284,2
0.8,2
1285,2
1286,2
浙江,2
总公司,2
回到,2
XSL,2
1287,2
WEB7,2
1288,2
增值,2
1289,2
1290,2
AngularJavascript,2
1291,2
1292,2
1293,2
出自,2
用心,2
他们,2
设定,2
信息沟通,2
全球化,2
旨在,2
eSolutions,2
侧重于,2
解读,2
webPack,2
开发性,2
以能,2
有多强,2
Tribe,2
rejectreduxES6,2
1294,2
1295,2
html5.0,2
css3.0,2
ionicFramework,2
特殊,2
逢年过节,2
抽奖,2
体育,2
强人,2
1296,2
高像素,2
体有,2
理有,2
1297,2
阻塞,2
1298,2
openlayerwebgis,2
WFS,2
WMTS,2
GML,2
KML,2
OGC,2
1299,2
版面,2
极富,2
过生日,2
⑤,2
1300,2
CSS33,2
ReactAngular,2
1301,2
聊天室,2
锦,2
东路,2
摩根,2
牛市,2
口站,2
A1,2
1302,2
论证,2
1303,2
有个,2
Webgl,2
1304,2
政府门户,2
G5,2
远距离,2
胡先生,2
61030223,2
982928568,2
qq,2
1305,2
灵活性,2
1306,2
进展,2
bulma,2
1307,2
九阵,2
坐落于,2
天府之国,2
新谷,2
被评,2
四川省,2
高新科技,2
链条,2
创始,2
自今,2
年头,2
余人,2
18%,2
文化氛围,2
更是,2
名列前茅,2
正,2
筹备,2
展翅,2
翱翔,2
1308,2
H5APP,2
1309,2
知,2
i2,2
歪,2
果仁,2
打交道,2
绝对,2
地道,2
学,2
子女,2
就读,2
学费,2
减免,2
家长会,2
考试,2
岗,2
帮带,2
职业技能,2
公益活动,2
公平,2
公开,2
1310,2
咪咕,2
音乐,2
1311,2
撑握,2
1312,2
少于,2
10PV,2
数据抽象,2
swagger,2
思考问题,2
1313,2
1314,2
1315,2
国外,2
1316,2
1317,2
1318,2
1319,2
1320,2
办法,2
1321,2
积极合作,2
定薪,2
1322,2
障碍,2
mixins,2
改良,2
1323,2
1324,2
历,2
1325,2
1326,2
Bom,2
1327,2
vuext,2
参和出,2
参有,2
竞争性,2
意外险,2
晚上,2
餐,2
冬暖,2
四层,2
独栋,2
继续,2
70%,2
jsjqcssvueElementUI,2
1328,2
理工类,2
1329,2
1330,2
不断改进,2
Mini,2
手持,2
1331,2
reatnative,2
H5App,2
1332,2
刷新,2
接口类,2
1333,2
拓扑,2
1334,2
前景,2
发展期,2
力度,2
三家,2
资本,2
增速,2
100%,2
校,2
友爱,2
活泼,2
1335,2
check,2
有恒心,2
毅力,2
HTML5CSS3JavaScriptVueReactAjax,2
1336,2
JavaEE,2
SpringCloud,2
Alibaba,2
RabbitMQ,2
RocketMQ,2
ElasticSearch,2
全文检索,2
Dokcer,2
1337,2
Angela,2
演变,2
1338,2
组组,2
配套技术,2
1339,2
1340,2
辖,2
相适应,2
1341,2
antvis,2
G2,2
Cavas,2
公司地址,2
下半年,2
迁往,2
双流,2
区青栏,2
双黄,2
交叉口,2
离,2
线兰家,2
沟站,2
公里,2
处,2
1342,2
1343,2
等富,2
CSSJavascriptES6Vue,2
1344,2
GeoServer,2
空间数据,2
攻关项目,2
关键点,2
控好,2
作风严谨,2
纪律性,2
开拓创新,2
大局观,2
谨慎,2
严以律己,2
1345,2
jointJs,2
谦和,2
上市公司,2
广,2
重大,2
1346,2
指南,2
机,2
ide,2
yt,2
App4,2
devexpress,2
1347,2
1348,2
AngularJS4,2
1349,2
类小,2
strust,2
保护,2
1350,2
angularJs,2
Ligerui,2
Opera,2
1351,2
1352,2
1353,2
接纳,2
优秀生,2
约束力,2
1354,2
男女皆可,2
1355,2
BootstrapVue,2
表格,2
1356,2
专案,2
效率高,2
1357,2
1358,2
山诺士,2
组成,2
设立,2
占地,2
40000,2
平方米,2
现代化,2
过氧化氢,2
净化,2
物表,2
重建,2
清洁,2
无菌,2
领先水平,2
社会,2
多家,2
医疗机构,2
深受,2
1359,2
HTML5CSS3BootsrapJavascriptes6Unity3dVue,2
jsnodeJSsvg,2
1360,2
1361,2
1362,2
简洁明了,2
vue.2,2
THREE,2
1363,2
动作,2
数据模型,2
VueCli,2
划定,2
1364,2
vueAJAXJSONCSS3React,2
1365,2
考勤,2
个税,2
9000,2
起征,2
加班费,2
调休,2
金融城,2
双,2
沿线,2
便捷,2
甲级,2
践行,2
精益,2
box,2
nprogress,2
happy,2
bus,2
sprite,2
vuecsshtmles6git,2
Appjs,2
1366,2
1367,2
Cesium3D,2
WEBGIS,2
1368,2
ES11,2
1369,2
届,2
基本技能,2
机试,2
1370,2
保障系统,2
momentjs,2
dayjs,2
ht,2
vue3.0,2
1371,2
频率,2
1372,2
选,2
大礼包,2
过年,2
央企外,2
1373,2
XSLT,2
1374,2
jsNode,2
1375,2
1376,2
1377,2
慰问金,2
中段,2
E3,2
座,2
乘车,2
一号线,2
1378,2
业余,2
一经,2
1379,2
webAPP,2
数琏,2
1380,2
JQueryMoblie,2
SenchaTouch,2
离线,2
1381,2
1382,2
1383,2
网,2
mapbox,2
gl,2
1384,2
如谷歌,2
webwebgl,2
1385,2
项目部,2
开拓精神,2
1386,2
快节奏,2
1387,2
1388,2
Html54,2
ReactJS6,2
ReactJS8,2
卡诺,2
普是,2
伺服系统,2
四项,2
国家标准,2
2012,2
2007,2
自主化,2
专利技术,2
余项,2
科技成果,2
少数,2
产业链,2
五大,2
入手,2
抓手,2
不断丰富,2
进军,2
头部,2
余家,2
远销,2
英国,2
德国,2
俄罗斯,2
匈牙利,2
越南,2
泰国,2
喷涂,2
焊接,2
搬运,2
码垛,2
抛光,2
斥资,2
修建,2
30000,2
㎡,2
生产线,2
广深,2
1389,2
自测试,2
组,2
专升本,2
成教,2
javascriptjqueryhtml5,2
1390,2
ReactVUEHTML5CSS3,2
1391,2
1392,2
PWA,2
1393,2
常用软件,2
HighChart,2
1394,2
AOP,2
1395,2
1396,2
1397,2
iptvottreactVUE,2
1398,2
提测,2
1399,2
事情,2
进取,2
htmlh5cssjsjavascriptjava,2
1400,2
mpaas,2
vuereacth5,2
1401,2
擅于,2
听取,2
虚心接受,2
热,2
力图,2
星空,2
雷达,2
迁徙,2
舆情,2
Easyui,2
1402,2
PM,2
览,2
typscript,2
连有,2
学习者,2
悟性,2
1403,2
1404,2
vueHTML5CSS3,2
1405,2
造诣,2
1406,2
1407,2
1408,2
1409,2
OpenLayer,2
1410,2
千行,2
淘金,2
1411,2
协和,2
1412,2
载体,2
市政,2
1413,2
频次,2
环路,2
南,2
二段,2
磨子桥,2
新世纪,2
花园,2
东五楼,2
孵化园,2
F座,2
1414,2
MobX,2
1415,2
Edge,2
控系统,2
aac,2
1416,2
上能,2
影响,2
1417,2
1418,2
流转,2
Hook,2
GoJs,2
Deno,2
reactvueOpenlayersCesium,2
1419,2
1420,2
1421,2
1422,2
WebVueechartsantvdatav,2
1423,2
1424,2
播放器,2
重绘,2
1425,2
招聘广告,2
仅供,2
定岗,2
破格,2
供职,2
装备,2
高科技,2
第二,2
研究所,2
航空,2
取得,2
颁发,2
旅客,2
吞吐量,2
3000,2
万人次,2
许可,2
知识产权,2
集成商,2
分拣,2
自动控制,2
国情,2
民航局,2
总,2
亿,2
分检,2
产业化,2
示范,2
中青年,2
带头人,2
领军,2
获,2
科技进步,2
二等奖,2
产品认证,2
截止,2
首都国际机场,2
天津,2
滨海,2
重庆江北国际机场,2
刚果,2
布,2
OLLOMBO,2
余个,2
好评,2
接送,2
性质,2
国有,2
82595852,2
mhwl2003,2
单位地址,2
1426,2
WebFlux,2
IntelliJ,2
1427,2
待人,2
1428,2
Bootstrap1.2,2
Anguar,2
1429,2
下拉框,2
树图,2
1430,2
1431,2
1432,2
1433,2
如有,2
1434,2
1435,2
1436,2
1437,2
列如,2
1438,2
cas,2
iPad,2
笔记本,2
一至,2
牛奶,2
自选,2
配菜,2
鸡蛋,2
两,2
荤,2
三素,2
一汤,2
餐前,2
面条,2
包子,2
1KM,2
水电,2
物业,2
燃气公司,2
床上用品,2
一个月,2
开工,2
大学生,2
创业基金,2
互助,2
入股,2
住房贷款,2
1439,2
正确性,2
bs,2
JavascriptVueHTML5,2
1440,2
抖音,2
JSSDK,2
1441,2
1442,2
styrus,2
思路清楚,2
1443,2
栈有,2
1444,2
受过,2
Ionic2,2
态,2
交往,2
对人,2
1445,2
ts5,2
有大,2
1446,2
Summary,2
position,2
versatile,2
experienced,2
across,2
stack,2
Will,2
writing,2
consume,2
more,2
generally,2
contribute,2
continued,2
maturation,2
intranet,2
high,2
full,2
lifecycle,2
experiences,2
Essential,2
Functions,2
Collaborate,2
deploy,2
serving,2
customers,2
Develop,2
responsive,2
reporting,2
connected,2
consuming,2
first,2
Recommend,2
define,2
implement,2
infrastructure,2
improvements,2
Triage,2
root,2
cause,2
fix,2
issues,2
staging,2
Contribute,2
departmental,2
initiatives,2
documentation,2
Maintain,2
augment,2
sites,2
internally,2
externally,2
Competencies,2
Degree,2
field3,2
developmentMust,2
able,2
effectively,2
written,2
oral,2
formsProficient,2
CSSProficient,2
at,2
discipline,2
environment,2
interact,2
diverse,2
set,2
disciplinesAbility,2
efficiently,2
offsite,2
personnelTeam,2
player,2
collaboration,2
skillsExcellent,2
problem,2
solving,2
Education,2
Skills,2
Experienced,2
patternsExperience,2
designing,2
deploying,2
architectureExperience,2
driven,2
SPAsProficient,2
bashFamiliarity,2
methodologiesFamiliarity,2
patterns,2
堆栈,2
因而,2
有助于,2
内部网,2
仪表板,2
分类,2
找出,2
根源,2
扩充,2
内外,2
跨学科,2
涉众,2
体系结构,2
Bash,2
法,2
英文简历,2
1447,2
1448,2
websphere,2
pl,2
j2ee,2
工作作风,2
1449,2
